id,entity,amount,currency,payment_id,created_at,batch_id,receipt,status,speed_requested,speed_processed,acquirer_utr,anomaly_type,duplicate_of_refund_id
rfnd_EH24011200004,refund,548000,INR,pay_EH24010100004,1705069980,,rcpt_10100004,processed,normal,normal,UTR24011200000004,,
rfnd_EH24012200006,refund,66000,INR,pay_EH24011800006,1705932660,,rcpt_11800006,processed,normal,normal,UTR24012200000006,,
rfnd_EH24011100069,refund,76000,INR,pay_EH24010300069,1704983940,,rcpt_10300069,pending,normal,normal,UTR24011100000069,,
rfnd_EH24011100108,refund,167000,INR,pay_EH24010100108,1704983340,,rcpt_10100108,processed,normal,normal,UTR24011100000108,,
rfnd_EH24012000116,refund,1181000,INR,pay_EH24011100116,1705760700,,rcpt_11100116,processed,normal,normal,UTR24012000000116,,
rfnd_EH24011200163,refund,515000,INR,pay_EH24010600164,1705068780,,rcpt_10600164,processed,normal,normal,UTR24011200000163,,
rfnd_EH24011400187,refund,263000,INR,pay_EH24011300188,1705243140,,rcpt_11300188,processed,normal,normal,UTR24011400000187,,
rfnd_EH24020700265,refund,276000,INR,pay_EH24012700267,1707316020,,rcpt_12700267,processed,normal,normal,UTR24020700000265,,
rfnd_EH24012900278,refund,131000,INR,pay_EH24012400280,1706537400,,rcpt_12400280,processed,normal,normal,UTR24012900000278,,
rfnd_EH24011100293,refund,461000,INR,pay_EH24010100295,1704984600,,rcpt_10100295,processed,normal,normal,UTR24011100000293,,
rfnd_EH24010600296,refund,246000,INR,pay_EH24010500298,1704552720,,rcpt_10500298,processed,normal,normal,UTR24010600000296,,
rfnd_EH24020600310,refund,423000,INR,pay_EH24013000313,1707228840,,rcpt_13000313,processed,normal,normal,UTR24020600000310,,
rfnd_EH24011800311,refund,148000,INR,pay_EH24011300314,1705588980,,rcpt_11300314,processed,normal,normal,UTR24011800000311,,
rfnd_EH24013100320,refund,669000,INR,pay_EH24012600323,1706713020,,rcpt_12600323,processed,normal,normal,UTR24013100000320,,
rfnd_EH24010500321,refund,403000,INR,pay_EH24010100324,1704463320,,rcpt_10100324,processed,normal,normal,UTR24010500000321,,
rfnd_EH24010900350,refund,161000,INR,pay_EH24010100353,1704810360,,rcpt_10100353,processed,normal,normal,UTR24010900000350,,
rfnd_EH24013000359,refund,1156000,INR,pay_EH24012900362,1706624880,,rcpt_12900362,processed,normal,normal,UTR24013000000359,,
rfnd_EH24011600402,refund,356000,INR,pay_EH24011000405,1705413720,,rcpt_11000405,processed,normal,normal,UTR24011600000402,,
rfnd_EH24010700418,refund,564000,INR,pay_EH24010600421,1704638460,,rcpt_10600421,processed,normal,normal,UTR24010700000418,,
rfnd_EH24012700425,refund,500000,INR,pay_EH24012600428,1706366640,,rcpt_12600428,processed,normal,normal,UTR24012700000425,,
rfnd_EH24013000454,refund,73000,INR,pay_EH24012700458,1706626740,,rcpt_12700458,processed,normal,normal,UTR24013000000454,,
rfnd_EH24012500476,refund,266000,INR,pay_EH24012400481,1706192820,,rcpt_12400481,processed,normal,normal,UTR24012500000476,,
rfnd_EH24013000496,refund,408000,INR,pay_EH24011800501,1706625600,,rcpt_11800501,processed,normal,normal,UTR24013000000496,,
rfnd_EH24020600508,refund,889000,INR,pay_EH24012600513,1707230460,,rcpt_12600513,processed,normal,normal,UTR24020600000508,,
rfnd_EH24011600523,refund,442000,INR,pay_EH24011200528,1705413840,,rcpt_11200528,processed,normal,normal,UTR24011600000523,,
rfnd_EH24012000532,refund,607000,INR,pay_EH24011000537,1705760940,,rcpt_11000537,processed,normal,normal,UTR24012000000532,,
rfnd_EH24011800561,refund,3285000,INR,pay_EH24011500566,1705589160,,rcpt_11500566,processed,normal,normal,UTR24011800000561,,
rfnd_EH24012200569,refund,1208000,INR,pay_EH24011000574,1705934100,,rcpt_11000574,processed,normal,normal,UTR24012200000569,,
rfnd_EH24011800577,refund,363000,INR,pay_EH24011300582,1705588800,,rcpt_11300582,processed,normal,normal,UTR24011800000577,,
rfnd_EH24012600579,refund,60000,INR,pay_EH24012200584,1706278440,,rcpt_12200584,processed,normal,normal,UTR24012600000579,,
rfnd_EH24012900645,refund,49000,INR,pay_EH24012000650,1706537400,,rcpt_12000650,processed,normal,normal,UTR24012900000645,,
rfnd_EH24012000647,refund,245000,INR,pay_EH24011400652,1705761840,,rcpt_11400652,processed,normal,normal,UTR24012000000647,,
rfnd_EH24011100657,refund,371000,INR,pay_EH24010700662,1704983880,,rcpt_10700662,processed,normal,normal,UTR24011100000657,,
rfnd_EH24020800680,refund,817000,INR,pay_EH24013000685,1707402780,,rcpt_13000685,processed,normal,normal,UTR24020800000680,,
rfnd_EH24011700685,refund,90000,INR,pay_EH24011100690,1705502280,,rcpt_11100690,processed,normal,normal,UTR24011700000685,,
rfnd_EH24013000701,refund,291000,INR,pay_EH24012100706,1706623320,,rcpt_12100706,processed,normal,normal,UTR24013000000701,,
rfnd_EH24020100723,refund,125000,INR,pay_EH24013000728,1706798460,,rcpt_13000728,processed,normal,normal,UTR24020100000723,,
rfnd_EH24012200727,refund,124000,INR,pay_EH24011800732,1705932180,,rcpt_11800732,processed,normal,normal,UTR24012200000727,,
rfnd_EH24011200739,refund,115000,INR,pay_EH24011100744,1705068000,,rcpt_11100744,processed,normal,normal,UTR24011200000739,,
rfnd_EH24012800754,refund,57000,INR,pay_EH24011700759,1706452560,,rcpt_11700759,processed,normal,normal,UTR24012800000754,,
rfnd_EH24020800758,refund,290000,INR,pay_EH24012700763,1707404340,,rcpt_12700763,processed,normal,normal,UTR24020800000758,,
rfnd_EH24011400782,refund,77000,INR,pay_EH24010800787,1705242060,,rcpt_10800787,processed,normal,normal,UTR24011400000782,,
rfnd_EH24011600796,refund,527000,INR,pay_EH24010700801,1705413900,,rcpt_10700801,processed,normal,normal,UTR24011600000796,,
rfnd_EH24022100802,refund,43000,INR,pay_EH24021700005,1708527480,,rcpt_21700005,processed,normal,normal,UTR24022100000802,,
rfnd_EH24020600807,refund,638000,INR,pay_EH24020400010,1707229800,,rcpt_20400010,processed,normal,normal,UTR24020600000807,,
rfnd_EH24022500829,refund,78000,INR,pay_EH24022200032,1708872600,,rcpt_22200032,processed,normal,normal,UTR24022500000829,,
rfnd_EH24022300832,refund,142000,INR,pay_EH24021700035,1708697280,,rcpt_21700035,processed,normal,normal,UTR24022300000832,,
rfnd_EH24022400837,refund,539000,INR,pay_EH24021500040,1708785420,,rcpt_21500040,processed,normal,normal,UTR24022400000837,,
rfnd_EH24021400852,refund,296000,INR,pay_EH24020900055,1707920820,,rcpt_20900055,processed,normal,normal,UTR24021400000852,,
rfnd_EH24020400859,refund,448000,INR,pay_EH24020100062,1707055680,,rcpt_20100062,processed,normal,normal,UTR24020400000859,,
rfnd_EH24022600920,refund,93000,INR,pay_EH24021500123,1708959300,,rcpt_21500123,processed,normal,normal,UTR24022600000920,,
rfnd_EH24030600924,refund,86000,INR,pay_EH24022700127,1709735460,,rcpt_22700127,processed,normal,normal,UTR24030600000924,,
rfnd_EH24022400953,refund,267000,INR,pay_EH24021500156,1708785000,,rcpt_21500156,processed,normal,normal,UTR24022400000953,,
rfnd_EH24030100958,refund,774000,INR,pay_EH24022600161,1709302680,,rcpt_22600161,processed,normal,normal,UTR24030100000958,,
rfnd_EH24021000970,refund,44000,INR,pay_EH24020700173,1707575160,,rcpt_20700173,processed,normal,normal,UTR24021000000970,,
rfnd_EH24021500975,refund,1023000,INR,pay_EH24020800178,1708006800,,rcpt_20800178,processed,normal,normal,UTR24021500000975,,
rfnd_EH24022800989,refund,1077000,INR,pay_EH24021600192,1709131800,,rcpt_21600192,processed,normal,normal,UTR24022800000989,,
rfnd_EH24021001002,refund,263000,INR,pay_EH24020600205,1707574440,,rcpt_20600205,processed,normal,normal,UTR24021000001002,,
rfnd_EH24022801047,refund,831000,INR,pay_EH24022100250,1709129100,,rcpt_22100250,processed,normal,normal,UTR24022800001047,,
rfnd_EH24021401067,refund,289000,INR,pay_EH24020200270,1707921120,,rcpt_20200270,processed,normal,normal,UTR24021400001067,,
rfnd_EH24022201082,refund,245000,INR,pay_EH24021600285,1708612620,,rcpt_21600285,processed,normal,normal,UTR24022200001082,,
rfnd_EH24030101096,refund,76000,INR,pay_EH24022200300,1709302140,,rcpt_22200300,processed,normal,normal,UTR24030100001096,,
rfnd_EH24021001106,refund,133000,INR,pay_EH24020200310,1707575700,,rcpt_20200310,processed,normal,normal,UTR24021000001106,,
rfnd_EH24021401122,refund,324000,INR,pay_EH24020500327,1707919740,,rcpt_20500327,processed,normal,normal,UTR24021400001122,,
rfnd_EH24030101138,refund,63000,INR,pay_EH24022200343,1709303580,,rcpt_22200343,processed,normal,normal,UTR24030100001138,,
rfnd_EH24022501141,refund,60000,INR,pay_EH24022000346,1708872720,,rcpt_22000346,processed,normal,normal,UTR24022500001141,,
rfnd_EH24030101162,refund,149000,INR,pay_EH24022200368,1709304780,,rcpt_22200368,processed,normal,normal,UTR24030100001162,,
rfnd_EH24021801164,refund,1407000,INR,pay_EH24021200370,1708266900,,rcpt_21200370,processed,normal,normal,UTR24021800001164,,
rfnd_EH24031001167,refund,98000,INR,pay_EH24022700373,1710079260,,rcpt_22700373,processed,normal,normal,UTR24031000001167,,
rfnd_EH24022601182,refund,619000,INR,pay_EH24021900389,1708956420,,rcpt_21900389,processed,normal,normal,UTR24022600001182,,
rfnd_EH24022301242,refund,672000,INR,pay_EH24021200450,1708697640,,rcpt_21200450,processed,normal,normal,UTR24022300001242,,
rfnd_EH24021801270,refund,440000,INR,pay_EH24020900478,1708266000,,rcpt_20900478,processed,normal,normal,UTR24021800001270,,
rfnd_EH24030201284,refund,87000,INR,pay_EH24022100492,1709390940,,rcpt_22100492,processed,normal,normal,UTR24030200001284,,
rfnd_EH24021801307,refund,559000,INR,pay_EH24020900515,1708266180,,rcpt_20900515,processed,normal,normal,UTR24021800001307,,
rfnd_EH24030801369,refund,286000,INR,pay_EH24022900578,1709907780,,rcpt_22900578,processed,normal,normal,UTR24030800001369,,
rfnd_EH24022501390,refund,724000,INR,pay_EH24021800601,1708871940,,rcpt_21800601,processed,normal,normal,UTR24022500001390,,
rfnd_EH24021601393,refund,317000,INR,pay_EH24021400604,1708094040,,rcpt_21400604,processed,normal,normal,UTR24021600001393,,
rfnd_EH24030701395,refund,779000,INR,pay_EH24022900606,1709821380,,rcpt_22900606,processed,normal,normal,UTR24030700001395,,
rfnd_EH24022101398,refund,92000,INR,pay_EH24021600609,1708526040,,rcpt_21600609,processed,normal,normal,UTR24022100001398,,
rfnd_EH24022601399,refund,719000,INR,pay_EH24022300610,1708956540,,rcpt_22300610,processed,normal,normal,UTR24022600001399,,
rfnd_EH24021401425,refund,372000,INR,pay_EH24020500637,1707920280,,rcpt_20500637,processed,normal,normal,UTR24021400001425,,
rfnd_EH24022101428,refund,82000,INR,pay_EH24021300640,1708526220,,rcpt_21300640,processed,normal,normal,UTR24022100001428,,
rfnd_EH24030901443,refund,213000,INR,pay_EH24022800655,1709994540,,rcpt_22800655,processed,normal,normal,UTR24030900001443,,
rfnd_EH24031201447,refund,252000,INR,pay_EH24022900659,1710255420,,rcpt_22900659,processed,normal,normal,UTR24031200001447,,
rfnd_EH24030101469,refund,225000,INR,pay_EH24022200681,1709302980,,rcpt_22200681,processed,normal,normal,UTR24030100001469,,
rfnd_EH24020801470,refund,747000,INR,pay_EH24020200682,1707404100,,rcpt_20200682,processed,normal,normal,UTR24020800001470,,
rfnd_EH24022601472,refund,842000,INR,pay_EH24022500684,1708956600,,rcpt_22500684,processed,normal,normal,UTR24022600001472,,
rfnd_EH24030201483,refund,63000,INR,pay_EH24022300695,1709391540,,rcpt_22300695,processed,normal,normal,UTR24030200001483,,
rfnd_EH24020901545,refund,748000,INR,pay_EH24020500757,1707489120,,rcpt_20500757,processed,normal,normal,UTR24020900001545,,
rfnd_EH24022401550,refund,3270000,INR,pay_EH24022000762,1708785000,,rcpt_22000762,processed,normal,normal,UTR24022400001550,,
rfnd_EH24021401564,refund,2750000,INR,pay_EH24020800776,1707921540,,rcpt_20800776,processed,normal,normal,UTR24021400001564,,
rfnd_EH24021201573,refund,151000,INR,pay_EH24021100785,1707748320,,rcpt_21100785,processed,normal,normal,UTR24021200001573,,
rfnd_EH24032701598,refund,918000,INR,pay_EH24032100022,1711550220,,rcpt_32100022,processed,normal,normal,UTR24032700001598,,
rfnd_EH24040601633,refund,124000,INR,pay_EH24032600057,1712414520,,rcpt_32600057,processed,normal,normal,UTR24040600001633,,
rfnd_EH24031801671,refund,73000,INR,pay_EH24031700095,1710773700,,rcpt_31700095,processed,normal,normal,UTR24031800001671,,
rfnd_EH24031501680,refund,431000,INR,pay_EH24030300104,1710513240,,rcpt_30300104,processed,normal,normal,UTR24031500001680,,
rfnd_EH24032901684,refund,192000,INR,pay_EH24032400108,1711722960,,rcpt_32400108,processed,normal,normal,UTR24032900001684,,
rfnd_EH24032101714,refund,4513000,INR,pay_EH24031900138,1711029960,,rcpt_31900138,processed,normal,normal,UTR24032100001714,,
rfnd_EH24031301717,refund,267000,INR,pay_EH24031000141,1710341580,,rcpt_31000141,processed,normal,normal,UTR24031300001717,,
rfnd_EH24031301735,refund,175000,INR,pay_EH24030700159,1710341820,,rcpt_30700159,processed,normal,normal,UTR24031300001735,,
rfnd_EH24030601759,refund,221000,INR,pay_EH24030300183,1709735820,,rcpt_30300183,processed,normal,normal,UTR24030600001759,,
rfnd_EH24033101763,refund,184000,INR,pay_EH24033000187,1711894200,,rcpt_33000187,processed,normal,normal,UTR24033100001763,,
rfnd_EH24032901800,refund,99000,INR,pay_EH24032700224,1711723740,,rcpt_32700224,processed,normal,normal,UTR24032900001800,,
rfnd_EH24030701820,refund,157000,INR,pay_EH24030400244,1709823360,,rcpt_30400244,processed,normal,normal,UTR24030700001820,,
rfnd_EH24031001842,refund,756000,INR,pay_EH24030200266,1710079500,,rcpt_30200266,processed,normal,normal,UTR24031000001842,,
rfnd_EH24032901857,refund,1035000,INR,pay_EH24031800282,1711722780,,rcpt_31800282,processed,normal,normal,UTR24032900001857,,
rfnd_EH24031801891,refund,101000,INR,pay_EH24030900316,1710771300,,rcpt_30900316,processed,normal,normal,UTR24031800001891,,
rfnd_EH24031301904,refund,241000,INR,pay_EH24031000329,1710341400,,rcpt_31000329,processed,normal,normal,UTR24031300001904,,
rfnd_EH24033101917,refund,284000,INR,pay_EH24032400342,1711897140,,rcpt_32400342,processed,normal,normal,UTR24033100001917,,
rfnd_EH24032701939,refund,662000,INR,pay_EH24031700364,1711550340,,rcpt_31700364,processed,normal,normal,UTR24032700001939,,
rfnd_EH24032001943,refund,463000,INR,pay_EH24031800368,1710946020,,rcpt_31800368,processed,normal,normal,UTR24032000001943,,
rfnd_EH24040201972,refund,219000,INR,pay_EH24032500398,1712067840,,rcpt_32500398,processed,normal,normal,UTR24040200001972,,
rfnd_EH24031801975,refund,116000,INR,pay_EH24031100401,1710771000,,rcpt_31100401,processed,normal,normal,UTR24031800001975,,
rfnd_EH24031801981,refund,30000,INR,pay_EH24031400407,1710771180,,rcpt_31400407,processed,normal,normal,UTR24031800001981,,
rfnd_EH24032002038,refund,874000,INR,pay_EH24031100465,1710946500,,rcpt_31100465,processed,normal,normal,UTR24032000002038,,
rfnd_EH24040502056,refund,638000,INR,pay_EH24032700484,1712327820,,rcpt_32700484,processed,normal,normal,UTR24040500002056,,
rfnd_EH24032502063,refund,573000,INR,pay_EH24031800491,1711375440,,rcpt_31800491,processed,normal,normal,UTR24032500002063,,
rfnd_EH24032902073,refund,81000,INR,pay_EH24032300501,1711720980,,rcpt_32300501,processed,normal,normal,UTR24032900002073,,
rfnd_EH24032202088,refund,367000,INR,pay_EH24031000517,1711117500,,rcpt_31000517,processed,normal,normal,UTR24032200002088,,
rfnd_EH24031402098,refund,253000,INR,pay_EH24030700527,1710427980,,rcpt_30700527,processed,normal,normal,UTR24031400002098,,
rfnd_EH24032002117,refund,640000,INR,pay_EH24031000546,1710946380,,rcpt_31000546,processed,normal,normal,UTR24032000002117,,
rfnd_EH24040502149,refund,130000,INR,pay_EH24032600578,1712327400,,rcpt_32600578,processed,normal,normal,UTR24040500002149,,
rfnd_EH24031502155,refund,382000,INR,pay_EH24031000584,1710512820,,rcpt_31000584,processed,normal,normal,UTR24031500002155,,
rfnd_EH24031502158,refund,795000,INR,pay_EH24030500588,1710512400,,rcpt_30500588,processed,normal,normal,UTR24031500002158,,
rfnd_EH24031802163,refund,417000,INR,pay_EH24031700593,1710770940,,rcpt_31700593,processed,normal,normal,UTR24031800002163,,
rfnd_EH24032502187,refund,55000,INR,pay_EH24032100617,1711375680,,rcpt_32100617,processed,normal,normal,UTR24032500002187,,
rfnd_EH24031202193,refund,252000,INR,pay_EH24030300623,1710253620,,rcpt_30300623,processed,normal,normal,UTR24031200002193,,
rfnd_EH24032002255,refund,215000,INR,pay_EH24031700685,1710946500,,rcpt_31700685,processed,normal,normal,UTR24032000002255,,
rfnd_EH24032602276,refund,241000,INR,pay_EH24031400707,1711462080,,rcpt_31400707,processed,normal,normal,UTR24032600002276,,
rfnd_EH24032002290,refund,158000,INR,pay_EH24030800722,1710944880,,rcpt_30800722,processed,normal,normal,UTR24032000002290,,
rfnd_EH24031202300,refund,292000,INR,pay_EH24030800733,1710252540,,rcpt_30800733,processed,normal,normal,UTR24031200002300,,
rfnd_EH24033102313,refund,278000,INR,pay_EH24032200746,1711894680,,rcpt_32200746,processed,normal,normal,UTR24033100002313,,
rfnd_EH24040302321,refund,2908000,INR,pay_EH24032200754,1712154000,,rcpt_32200754,processed,normal,normal,UTR24040300002321,,
rfnd_EH24031102323,refund,1223000,INR,pay_EH24030300756,1710167160,,rcpt_30300756,processed,normal,normal,UTR24031100002323,,
rfnd_EH24032202341,refund,115000,INR,pay_EH24031800774,1711118280,,rcpt_31800774,processed,normal,normal,UTR24032200002341,,
rfnd_EH24032902359,refund,749000,INR,pay_EH24032200792,1711723200,,rcpt_32200792,processed,normal,normal,UTR24032900002359,,
rfnd_EH24031402377,refund,493000,INR,pay_EH24030700810,1710425100,,rcpt_30700810,processed,normal,normal,UTR24031400002377,,
rfnd_EH24040202386,refund,308000,INR,pay_EH24032800819,1712066400,,rcpt_32800819,processed,normal,normal,UTR24040200002386,,
rfnd_EH24050102400,refund,196000,INR,pay_EH24042800007,1714572300,,rcpt_42800007,processed,normal,normal,UTR24050100002400,,
rfnd_EH24041402406,refund,412000,INR,pay_EH24040800013,1713103200,,rcpt_40800013,processed,normal,normal,UTR24041400002406,,
rfnd_EH24050102418,refund,209000,INR,pay_EH24042300025,1714572420,,rcpt_42300025,processed,normal,normal,UTR24050100002418,,
rfnd_EH24041002421,refund,212000,INR,pay_EH24040400028,1712758800,,rcpt_40400028,processed,normal,normal,UTR24041000002421,,
rfnd_EH24042702429,refund,241000,INR,pay_EH24042100036,1714228740,,rcpt_42100036,processed,normal,normal,UTR24042700002429,,
rfnd_EH24050402435,refund,53000,INR,pay_EH24042300042,1714834200,,rcpt_42300042,processed,normal,normal,UTR24050400002435,,
rfnd_EH24042702441,refund,186000,INR,pay_EH24042500049,1714227480,,rcpt_42500049,processed,normal,normal,UTR24042700002441,,
rfnd_EH24041802451,refund,59000,INR,pay_EH24040800059,1713450480,,rcpt_40800059,processed,normal,normal,UTR24041800002451,,
rfnd_EH24050602508,refund,61000,INR,pay_EH24042700116,1715006040,,rcpt_42700116,processed,normal,normal,UTR24050600002508,,
rfnd_EH24042902512,refund,266000,INR,pay_EH24042200120,1714400880,,rcpt_42200120,processed,normal,normal,UTR24042900002512,,
rfnd_EH24043002521,refund,922000,INR,pay_EH24041800129,1714487520,,rcpt_41800129,processed,normal,normal,UTR24043000002521,,
rfnd_EH24042502541,refund,315000,INR,pay_EH24041300149,1714054980,,rcpt_41300149,processed,normal,normal,UTR24042500002541,,
rfnd_EH24050202553,refund,250000,INR,pay_EH24042500161,1714659600,,rcpt_42500161,processed,normal,normal,UTR24050200002553,,
rfnd_EH24040802583,refund,45000,INR,pay_EH24040300192,1712586480,,rcpt_40300192,processed,normal,normal,UTR24040800002583,,
rfnd_EH24050502593,refund,44000,INR,pay_EH24042500202,1714918020,,rcpt_42500202,processed,normal,normal,UTR24050500002593,,
rfnd_EH24042702598,refund,321000,INR,pay_EH24042600207,1714227300,,rcpt_42600207,processed,normal,normal,UTR24042700002598,,
rfnd_EH24042802611,refund,388000,INR,pay_EH24041700220,1714312860,,rcpt_41700220,processed,normal,normal,UTR24042800002611,,
rfnd_EH24050702616,refund,116000,INR,pay_EH24042600225,1715093040,,rcpt_42600225,processed,normal,normal,UTR24050700002616,,
rfnd_EH24050302619,refund,45000,INR,pay_EH24042600228,1714746120,,rcpt_42600228,processed,normal,normal,UTR24050300002619,,
rfnd_EH24050602647,refund,169000,INR,pay_EH24042400256,1715006520,,rcpt_42400256,processed,normal,normal,UTR24050600002647,,
rfnd_EH24042602653,refund,320000,INR,pay_EH24042200262,1714142820,,rcpt_42200262,processed,normal,normal,UTR24042600002653,,
rfnd_EH24042502654,refund,343000,INR,pay_EH24042400263,1714055280,,rcpt_42400263,processed,normal,normal,UTR24042500002654,,
rfnd_EH24042402664,refund,457000,INR,pay_EH24041800273,1713968460,,rcpt_41800273,processed,normal,normal,UTR24042400002664,,
rfnd_EH24040802678,refund,67000,INR,pay_EH24040200287,1712587020,,rcpt_40200287,processed,normal,normal,UTR24040800002678,,
rfnd_EH24050702680,refund,688000,INR,pay_EH24042600289,1715092860,,rcpt_42600289,processed,normal,normal,UTR24050700002680,,
rfnd_EH24042702692,refund,119000,INR,pay_EH24042000301,1714227480,,rcpt_42000301,processed,normal,normal,UTR24042700002692,,
rfnd_EH24043002711,refund,204000,INR,pay_EH24042600320,1714485660,,rcpt_42600320,processed,normal,normal,UTR24043000002711,,
rfnd_EH24041402715,refund,216000,INR,pay_EH24040600324,1713106080,,rcpt_40600324,processed,normal,normal,UTR24041400002715,,
rfnd_EH24050702730,refund,669000,INR,pay_EH24043000339,1715093640,,rcpt_43000339,processed,normal,normal,UTR24050700002730,,
rfnd_EH24050502731,refund,38000,INR,pay_EH24042700340,1714921020,,rcpt_42700340,processed,normal,normal,UTR24050500002731,,
rfnd_EH24041102740,refund,1279000,INR,pay_EH24040900350,1712845440,,rcpt_40900350,processed,normal,normal,UTR24041100002740,,
rfnd_EH24042302743,refund,612000,INR,pay_EH24041600353,1713881160,,rcpt_41600353,processed,normal,normal,UTR24042300002743,,
rfnd_EH24042802750,refund,2288000,INR,pay_EH24042200361,1714312920,,rcpt_42200361,processed,normal,normal,UTR24042800002750,,
rfnd_EH24042902782,refund,5026000,INR,pay_EH24042600393,1714401480,,rcpt_42600393,processed,normal,normal,UTR24042900002782,,
rfnd_EH24043002787,refund,196000,INR,pay_EH24042100398,1714486920,,rcpt_42100398,processed,normal,normal,UTR24043000002787,,
rfnd_EH24041302811,refund,114000,INR,pay_EH24041000422,1713019320,,rcpt_41000422,processed,normal,normal,UTR24041300002811,,
rfnd_EH24042702841,refund,104000,INR,pay_EH24041800452,1714228740,,rcpt_41800452,processed,normal,normal,UTR24042700002841,,
rfnd_EH24042702853,refund,204000,INR,pay_EH24042500464,1714229940,,rcpt_42500464,processed,normal,normal,UTR24042700002853,,
rfnd_EH24042502860,refund,247000,INR,pay_EH24041300471,1714054200,,rcpt_41300471,processed,normal,normal,UTR24042500002860,,
rfnd_EH24040902866,refund,278000,INR,pay_EH24040500477,1712674500,,rcpt_40500477,processed,normal,normal,UTR24040900002866,,
rfnd_EH24041302887,refund,86000,INR,pay_EH24041000498,1713017940,,rcpt_41000498,processed,normal,normal,UTR24041300002887,,
rfnd_EH24050402888,refund,153000,INR,pay_EH24043000499,1714832160,,rcpt_43000499,processed,normal,normal,UTR24050400002888,,
rfnd_EH24041802931,refund,34000,INR,pay_EH24041300543,1713450900,,rcpt_41300543,processed,normal,normal,UTR24041800002931,,
rfnd_EH24040802957,refund,70000,INR,pay_EH24040300569,1712586240,,rcpt_40300569,processed,normal,normal,UTR24040800002957,,
rfnd_EH24041902966,refund,215000,INR,pay_EH24041600578,1713537000,,rcpt_41600578,processed,normal,normal,UTR24041900002966,,
rfnd_EH24041502969,refund,186000,INR,pay_EH24040700581,1713190140,,rcpt_40700581,processed,normal,normal,UTR24041500002969,,
rfnd_EH24041502979,refund,133000,INR,pay_EH24040800591,1713189660,,rcpt_40800591,processed,normal,normal,UTR24041500002979,,
rfnd_EH24040902981,refund,33000,INR,pay_EH24040200593,1712672280,,rcpt_40200593,processed,normal,normal,UTR24040900002981,,
rfnd_EH24041302982,refund,592000,INR,pay_EH24041000594,1713019440,,rcpt_41000594,processed,normal,normal,UTR24041300002982,,
rfnd_EH24041003003,refund,422000,INR,pay_EH24040900615,1712760360,,rcpt_40900615,processed,normal,normal,UTR24041000003003,,
rfnd_EH24041103024,refund,118000,INR,pay_EH24040800636,1712844300,,rcpt_40800636,processed,normal,normal,UTR24041100003024,,
rfnd_EH24042203027,refund,1097000,INR,pay_EH24041600639,1713796320,,rcpt_41600639,processed,normal,normal,UTR24042200003027,,
rfnd_EH24051003036,refund,82000,INR,pay_EH24043000648,1715350140,,rcpt_43000648,processed,normal,normal,UTR24051000003036,,
rfnd_EH24042903054,refund,505000,INR,pay_EH24042300666,1714400460,,rcpt_42300666,processed,normal,normal,UTR24042900003054,,
rfnd_EH24042403058,refund,314000,INR,pay_EH24042000670,1713970320,,rcpt_42000670,processed,normal,normal,UTR24042400003058,,
rfnd_EH24050603060,refund,465000,INR,pay_EH24042700672,1715006640,,rcpt_42700672,processed,normal,normal,UTR24050600003060,,
rfnd_EH24040603061,refund,749000,INR,pay_EH24040400673,1712414460,,rcpt_40400673,processed,normal,normal,UTR24040600003061,,
rfnd_EH24050603072,refund,75000,INR,pay_EH24042600684,1715004780,,rcpt_42600684,processed,normal,normal,UTR24050600003072,,
rfnd_EH24041903094,refund,38000,INR,pay_EH24041000706,1713538560,,rcpt_41000706,processed,normal,normal,UTR24041900003094,,
rfnd_EH24040703118,refund,93000,INR,pay_EH24040400730,1712500680,,rcpt_40400730,processed,normal,normal,UTR24040700003118,,
rfnd_EH24040603126,refund,157000,INR,pay_EH24040200738,1712412000,,rcpt_40200738,processed,normal,normal,UTR24040600003126,,
rfnd_EH24043003141,refund,136000,INR,pay_EH24042500753,1714488000,,rcpt_42500753,processed,normal,normal,UTR24043000003141,,
rfnd_EH24041303154,refund,116000,INR,pay_EH24040200766,1713018360,,rcpt_40200766,processed,normal,normal,UTR24041300003154,,
rfnd_EH24040603193,refund,72000,INR,pay_EH24040100805,1712415420,,rcpt_40100805,processed,normal,normal,UTR24040600003193,,
rfnd_EH24042903213,refund,139000,INR,pay_EH24042000825,1714401060,,rcpt_42000825,processed,normal,normal,UTR24042900003213,,
rfnd_EH24050603228,refund,158000,INR,pay_EH24042800840,1715007060,,rcpt_42800840,processed,normal,normal,UTR24050600003228,,
rfnd_EH24040903234,refund,40000,INR,pay_EH24040500846,1712671680,,rcpt_40500846,processed,normal,normal,UTR24040900003234,,
rfnd_EH24050303240,refund,36000,INR,pay_EH24042700852,1714747560,,rcpt_42700852,processed,normal,normal,UTR24050300003240,,
rfnd_EH24042903265,refund,730000,INR,pay_EH24042600877,1714400220,,rcpt_42600877,processed,normal,normal,UTR24042900003265,,
rfnd_EH24050203269,refund,406000,INR,pay_EH24042300881,1714659780,,rcpt_42300881,processed,normal,normal,UTR24050200003269,,
rfnd_EH24052503301,refund,205000,INR,pay_EH24051600024,1716646860,,rcpt_51600024,processed,normal,normal,UTR24052500003301,,
rfnd_EH24051503310,refund,265000,INR,pay_EH24051100033,1715783760,,rcpt_51100033,processed,normal,normal,UTR24051500003310,,
rfnd_EH24052503332,refund,574000,INR,pay_EH24051700056,1716648780,,rcpt_51700056,processed,normal,normal,UTR24052500003332,,
rfnd_EH24052403358,refund,308000,INR,pay_EH24052200082,1716559680,,rcpt_52200082,processed,normal,normal,UTR24052400003358,,
rfnd_EH24052903374,refund,55000,INR,pay_EH24052700098,1716993540,,rcpt_52700098,processed,normal,normal,UTR24052900003374,,
rfnd_EH24052903392,refund,1221000,INR,pay_EH24052500116,1716994140,,rcpt_52500116,processed,normal,normal,UTR24052900003392,,
rfnd_EH24051003441,refund,222000,INR,pay_EH24050900166,1715351700,,rcpt_50900166,processed,normal,normal,UTR24051000003441,,
rfnd_EH24051503454,refund,237000,INR,pay_EH24050800179,1715782320,,rcpt_50800179,processed,normal,normal,UTR24051500003454,,
rfnd_EH24060603461,refund,36000,INR,pay_EH24052700186,1717683540,,rcpt_52700186,processed,normal,normal,UTR24060600003461,,
rfnd_EH24052803468,refund,1167000,INR,pay_EH24051700193,1716905640,,rcpt_51700193,processed,normal,normal,UTR24052800003468,,
rfnd_EH24060203475,refund,545000,INR,pay_EH24053000200,1717339920,,rcpt_53000200,processed,normal,normal,UTR24060200003475,,
rfnd_EH24052503492,refund,489000,INR,pay_EH24052100217,1716647760,,rcpt_52100217,processed,normal,normal,UTR24052500003492,,
rfnd_EH24051903542,refund,58000,INR,pay_EH24051300267,1716130500,,rcpt_51300267,processed,normal,normal,UTR24051900003542,,
rfnd_EH24052103546,refund,673000,INR,pay_EH24051200271,1716300300,,rcpt_51200271,processed,normal,normal,UTR24052100003546,,
rfnd_EH24050903589,refund,858000,INR,pay_EH24050300314,1715264760,,rcpt_50300314,processed,normal,normal,UTR24050900003589,,
rfnd_EH24050303590,refund,133000,INR,pay_EH24050200315,1714746120,,rcpt_50200315,pending,normal,normal,UTR24050300003590,,
rfnd_EH24051603613,refund,285000,INR,pay_EH24050600338,1715870040,,rcpt_50600338,processed,normal,normal,UTR24051600003613,,
rfnd_EH24051403622,refund,1278000,INR,pay_EH24051200347,1715698440,,rcpt_51200347,processed,normal,normal,UTR24051400003622,,
rfnd_EH24052903633,refund,384000,INR,pay_EH24052500358,1716992640,,rcpt_52500358,processed,normal,normal,UTR24052900003633,,
rfnd_EH24052903635,refund,528000,INR,pay_EH24052100360,1716992220,,rcpt_52100360,processed,normal,normal,UTR24052900003635,,
rfnd_EH24052503659,refund,116000,INR,pay_EH24052200385,1716646980,,rcpt_52200385,processed,normal,normal,UTR24052500003659,,
rfnd_EH24052903685,refund,100000,INR,pay_EH24051800411,1716993660,,rcpt_51800411,processed,normal,normal,UTR24052900003685,,
rfnd_EH24051403698,refund,331000,INR,pay_EH24050700424,1715697420,,rcpt_50700424,processed,normal,normal,UTR24051400003698,,
rfnd_EH24051603726,refund,281000,INR,pay_EH24051300454,1715868480,,rcpt_51300454,processed,normal,normal,UTR24051600003726,,
rfnd_EH24052803728,refund,1216000,INR,pay_EH24051900456,1716907860,,rcpt_51900456,processed,normal,normal,UTR24052800003728,,
rfnd_EH24052903743,refund,135000,INR,pay_EH24052200471,1716993300,,rcpt_52200471,processed,normal,normal,UTR24052900003743,,
rfnd_EH24052903744,refund,89000,INR,pay_EH24052600472,1716992640,,rcpt_52600472,processed,normal,normal,UTR24052900003744,,
rfnd_EH24052103749,refund,787000,INR,pay_EH24051800477,1716302040,,rcpt_51800477,processed,normal,normal,UTR24052100003749,,
rfnd_EH24052203766,refund,212000,INR,pay_EH24051600494,1716388440,,rcpt_51600494,processed,normal,normal,UTR24052200003766,,
rfnd_EH24052203776,refund,50000,INR,pay_EH24052100504,1716388080,,rcpt_52100504,processed,normal,normal,UTR24052200003776,,
rfnd_EH24052703795,refund,123000,INR,pay_EH24052400523,1716819840,,rcpt_52400523,processed,normal,normal,UTR24052700003795,,
rfnd_EH24052703810,refund,302000,INR,pay_EH24052000538,1716820920,,rcpt_52000538,processed,normal,normal,UTR24052700003810,,
rfnd_EH24052103814,refund,68000,INR,pay_EH24051400542,1716302520,,rcpt_51400542,processed,normal,normal,UTR24052100003814,,
rfnd_EH24052203817,refund,138000,INR,pay_EH24051100545,1716388980,,rcpt_51100545,pending,normal,normal,UTR24052200003817,,
rfnd_EH24052403826,refund,78000,INR,pay_EH24052100555,1716561360,,rcpt_52100555,processed,normal,normal,UTR24052400003826,,
rfnd_EH24051503835,refund,635000,INR,pay_EH24050500564,1715783820,,rcpt_50500564,processed,normal,normal,UTR24051500003835,,
rfnd_EH24052903862,refund,375000,INR,pay_EH24052400592,1716994260,,rcpt_52400592,processed,normal,normal,UTR24052900003862,,
rfnd_EH24051403876,refund,177000,INR,pay_EH24051200606,1715695380,,rcpt_51200606,processed,normal,normal,UTR24051400003876,,
rfnd_EH24060103884,refund,91000,INR,pay_EH24052500614,1717252740,,rcpt_52500614,processed,normal,normal,UTR24060100003884,,
rfnd_EH24051103889,refund,219000,INR,pay_EH24050500619,1715438820,,rcpt_50500619,processed,normal,normal,UTR24051100003889,,
rfnd_EH24052203897,refund,110000,INR,pay_EH24051800627,1716388200,,rcpt_51800627,processed,normal,normal,UTR24052200003897,,
rfnd_EH24050603903,refund,443000,INR,pay_EH24050400633,1715004180,,rcpt_50400633,processed,normal,normal,UTR24050600003903,,
rfnd_EH24052903904,refund,818000,INR,pay_EH24052000634,1716992460,,rcpt_52000634,processed,normal,normal,UTR24052900003904,,
rfnd_EH24053003936,refund,77000,INR,pay_EH24051800666,1717077960,,rcpt_51800666,processed,normal,normal,UTR24053000003936,,
rfnd_EH24052503971,refund,167000,INR,pay_EH24051600701,1716648960,,rcpt_51600701,processed,normal,normal,UTR24052500003971,,
rfnd_EH24051303996,refund,1070000,INR,pay_EH24050300726,1715609520,,rcpt_50300726,processed,normal,normal,UTR24051300003996,,
rfnd_EH24052504002,refund,279000,INR,pay_EH24051500732,1716646380,,rcpt_51500732,processed,normal,normal,UTR24052500004002,,
rfnd_EH24060304047,refund,183000,INR,pay_EH24052900777,1717426140,,rcpt_52900777,processed,normal,normal,UTR24060300004047,,
rfnd_EH24052004086,refund,41000,INR,pay_EH24050900816,1716217020,,rcpt_50900816,processed,normal,normal,UTR24052000004086,,
rfnd_EH24052804105,refund,1410000,INR,pay_EH24052500835,1716905820,,rcpt_52500835,processed,normal,normal,UTR24052800004105,,
rfnd_EH24051804131,refund,215000,INR,pay_EH24050600861,1716040800,,rcpt_50600861,processed,normal,normal,UTR24051800004131,,
rfnd_EH24060604139,refund,524000,INR,pay_EH24052800869,1717683240,,rcpt_52800869,processed,normal,normal,UTR24060600004139,,
rfnd_EH24050704157,refund,126000,INR,pay_EH24050500887,1715092500,,rcpt_50500887,processed,normal,normal,UTR24050700004157,,
rfnd_EH24052604170,refund,35000,INR,pay_EH24051800900,1716733860,,rcpt_51800900,processed,normal,normal,UTR24052600004170,,
rfnd_EH24060804171,refund,265000,INR,pay_EH24052800901,1717856580,,rcpt_52800901,processed,normal,normal,UTR24060800004171,,
rfnd_EH24051704183,refund,1128000,INR,pay_EH24051300913,1715954580,,rcpt_51300913,processed,normal,normal,UTR24051700004183,,
rfnd_EH24052704185,refund,278000,INR,pay_EH24051600915,1716820500,,rcpt_51600915,processed,normal,normal,UTR24052700004185,,
rfnd_EH24060204201,refund,1054000,INR,pay_EH24052400932,1717337280,,rcpt_52400932,processed,normal,normal,UTR24060200004201,,
rfnd_EH24062404219,refund,268000,INR,pay_EH24061500012,1719239520,,rcpt_61500012,processed,normal,normal,UTR24062400004219,,
rfnd_EH24070404220,refund,121000,INR,pay_EH24062600013,1720102920,,rcpt_62600013,processed,normal,normal,UTR24070400004220,,
rfnd_EH24062804229,refund,487000,INR,pay_EH24062400022,1719584340,,rcpt_62400022,processed,normal,normal,UTR24062800004229,,
rfnd_EH24061604232,refund,108000,INR,pay_EH24060600025,1718548200,,rcpt_60600025,processed,normal,normal,UTR24061600004232,,
rfnd_EH24061904243,refund,626000,INR,pay_EH24061200036,1718807820,,rcpt_61200036,processed,normal,normal,UTR24061900004243,,
rfnd_EH24062704270,refund,76000,INR,pay_EH24061800063,1719498240,,rcpt_61800063,processed,normal,normal,UTR24062700004270,,
rfnd_EH24071004278,refund,373000,INR,pay_EH24062900071,1720622940,,rcpt_62900071,processed,normal,normal,UTR24071000004278,,
rfnd_EH24062404290,refund,768000,INR,pay_EH24062300083,1719238740,,rcpt_62300083,processed,normal,normal,UTR24062400004290,,
rfnd_EH24061904296,refund,290000,INR,pay_EH24061300089,1718808420,,rcpt_61300089,processed,normal,normal,UTR24061900004296,,
rfnd_EH24063004316,refund,72000,INR,pay_EH24062800109,1719757980,,rcpt_62800109,processed,normal,normal,UTR24063000004316,,
rfnd_EH24063004361,refund,118000,INR,pay_EH24062500155,1719757020,,rcpt_62500155,processed,normal,normal,UTR24063000004361,,
rfnd_EH24062904372,refund,1798000,INR,pay_EH24062000166,1719671400,,rcpt_62000166,processed,normal,normal,UTR24062900004372,,
rfnd_EH24060604406,refund,705000,INR,pay_EH24060500200,1717684020,,rcpt_60500200,processed,normal,normal,UTR24060600004406,,
rfnd_EH24062804441,refund,271000,INR,pay_EH24062600235,1719585300,,rcpt_62600235,processed,normal,normal,UTR24062800004441,,
rfnd_EH24061104453,refund,428000,INR,pay_EH24060200247,1718115000,,rcpt_60200247,processed,normal,normal,UTR24061100004453,,
rfnd_EH24070604483,refund,688000,INR,pay_EH24062700277,1720274820,,rcpt_62700277,processed,normal,normal,UTR24070600004483,,
rfnd_EH24062104484,refund,696000,INR,pay_EH24061600278,1718978640,,rcpt_61600278,processed,normal,normal,UTR24062100004484,,
rfnd_EH24062804508,refund,107000,INR,pay_EH24061800302,1719583740,,rcpt_61800302,processed,normal,normal,UTR24062800004508,,
rfnd_EH24062904509,refund,313000,INR,pay_EH24062400303,1719669840,,rcpt_62400303,processed,normal,normal,UTR24062900004509,,
rfnd_EH24061704517,refund,190000,INR,pay_EH24061400311,1718634000,,rcpt_61400311,processed,normal,normal,UTR24061700004517,,
rfnd_EH24062004535,refund,819000,INR,pay_EH24061200329,1718894940,,rcpt_61200329,processed,normal,normal,UTR24062000004535,,
rfnd_EH24062804549,refund,266000,INR,pay_EH24061900343,1719585180,,rcpt_61900343,processed,normal,normal,UTR24062800004549,,
rfnd_EH24061604566,refund,192000,INR,pay_EH24061400361,1718547660,,rcpt_61400361,processed,normal,normal,UTR24061600004566,,
rfnd_EH24060204578,refund,87000,INR,pay_EH24060100373,1717339020,,rcpt_60100373,processed,normal,normal,UTR24060200004578,,
rfnd_EH24061304579,refund,117000,INR,pay_EH24060800374,1718290080,,rcpt_60800374,processed,normal,normal,UTR24061300004579,,
rfnd_EH24061304596,refund,40000,INR,pay_EH24060700391,1718289420,,rcpt_60700391,processed,normal,normal,UTR24061300004596,,
rfnd_EH24070604600,refund,389000,INR,pay_EH24062700395,1720277340,,rcpt_62700395,processed,normal,normal,UTR24070600004600,,
rfnd_EH24063004616,refund,44000,INR,pay_EH24062500412,1719757140,,rcpt_62500412,processed,normal,normal,UTR24063000004616,,
rfnd_EH24070104618,refund,431000,INR,pay_EH24063000414,1719845700,,rcpt_63000414,processed,normal,normal,UTR24070100004618,,
rfnd_EH24070104621,refund,43000,INR,pay_EH24062500417,1719843780,,rcpt_62500417,processed,normal,normal,UTR24070100004621,,
rfnd_EH24062204748,refund,212000,INR,pay_EH24061500548,1719067620,,rcpt_61500548,processed,normal,normal,UTR24062200004748,,
rfnd_EH24061004772,refund,6193000,INR,pay_EH24060400572,1718031180,,rcpt_60400572,processed,normal,normal,UTR24061000004772,,
rfnd_EH24062004775,refund,481000,INR,pay_EH24061600575,1718892060,,rcpt_61600575,processed,normal,normal,UTR24062000004775,,
rfnd_EH24062404787,refund,73000,INR,pay_EH24061900587,1719240660,,rcpt_61900587,processed,normal,normal,UTR24062400004787,,
rfnd_EH24070104812,refund,155000,INR,pay_EH24062100612,1719844140,,rcpt_62100612,processed,normal,normal,UTR24070100004812,,
rfnd_EH24062104817,refund,45000,INR,pay_EH24061700617,1718978940,,rcpt_61700617,processed,normal,normal,UTR24062100004817,,
rfnd_EH24062404834,refund,2431000,INR,pay_EH24061200634,1719238980,,rcpt_61200634,processed,normal,normal,UTR24062400004834,,
rfnd_EH24070204836,refund,492000,INR,pay_EH24062500636,1719929640,,rcpt_62500636,processed,normal,normal,UTR24070200004836,,
rfnd_EH24062104845,refund,38000,INR,pay_EH24062000645,1718981820,,rcpt_62000645,processed,normal,normal,UTR24062100004845,,
rfnd_EH24070204850,refund,140000,INR,pay_EH24062800650,1719931860,,rcpt_62800650,processed,normal,normal,UTR24070200004850,,
rfnd_EH24061604851,refund,716000,INR,pay_EH24060400651,1718549700,,rcpt_60400651,processed,normal,normal,UTR24061600004851,,
rfnd_EH24070204884,refund,316000,INR,pay_EH24062500684,1719932100,,rcpt_62500684,processed,normal,normal,UTR24070200004884,,
rfnd_EH24061004898,refund,252000,INR,pay_EH24060800698,1718029080,,rcpt_60800698,processed,normal,normal,UTR24061000004898,,
rfnd_EH24062404916,refund,498000,INR,pay_EH24061300716,1719237840,,rcpt_61300716,processed,normal,normal,UTR24062400004916,,
rfnd_EH24062704918,refund,281000,INR,pay_EH24062100718,1719498000,,rcpt_62100718,processed,normal,normal,UTR24062700004918,,
rfnd_EH24070404930,refund,608000,INR,pay_EH24063000730,1720104420,,rcpt_63000730,processed,normal,normal,UTR24070400004930,,
rfnd_EH24060904944,refund,233000,INR,pay_EH24060600744,1717942080,,rcpt_60600744,processed,normal,normal,UTR24060900004944,,
rfnd_EH24062104964,refund,734000,INR,pay_EH24061900764,1718978520,,rcpt_61900764,processed,normal,normal,UTR24062100004964,,
rfnd_EH24070504996,refund,395000,INR,pay_EH24062600797,1720188960,,rcpt_62600797,processed,normal,normal,UTR24070500004996,,
rfnd_EH24062705003,refund,932000,INR,pay_EH24062500804,1719498600,,rcpt_62500804,processed,normal,normal,UTR24062700005003,,
rfnd_EH24062605045,refund,291000,INR,pay_EH24062300847,1719412020,,rcpt_62300847,processed,normal,normal,UTR24062600005045,,
rfnd_EH24062105059,refund,425000,INR,pay_EH24061000861,1718979480,,rcpt_61000861,processed,normal,normal,UTR24062100005059,,
rfnd_EH24072705063,refund,66000,INR,pay_EH24071800003,1722091320,,rcpt_71800003,processed,normal,normal,UTR24072700005063,,
rfnd_EH24070905070,refund,210000,INR,pay_EH24070800010,1720535640,,rcpt_70800010,processed,normal,normal,UTR24070900005070,,
rfnd_EH24072505080,refund,425000,INR,pay_EH24071700021,1721918700,,rcpt_71700021,processed,normal,normal,UTR24072500005080,,
rfnd_EH24072705095,refund,348000,INR,pay_EH24071700036,1722089520,,rcpt_71700036,processed,normal,normal,UTR24072700005095,,
rfnd_EH24080405171,refund,89000,INR,pay_EH24072900113,1722782280,,rcpt_72900113,processed,normal,normal,UTR24080400005171,,
rfnd_EH24072205176,refund,186000,INR,pay_EH24071200118,1721658960,,rcpt_71200118,processed,normal,normal,UTR24072200005176,,
rfnd_EH24080205240,refund,143000,INR,pay_EH24072100182,1722608220,,rcpt_72100182,processed,normal,normal,UTR24080200005240,,
rfnd_EH24072905245,refund,116000,INR,pay_EH24072000187,1722261600,,rcpt_72000187,processed,normal,normal,UTR24072900005245,,
rfnd_EH24080105255,refund,650000,INR,pay_EH24072500197,1722523320,,rcpt_72500197,processed,normal,normal,UTR24080100005255,,
rfnd_EH24072305264,refund,788000,INR,pay_EH24071400206,1721744280,,rcpt_71400206,processed,normal,normal,UTR24072300005264,,
rfnd_EH24070905293,refund,110000,INR,pay_EH24070100235,1720536180,,rcpt_70100235,processed,normal,normal,UTR24070900005293,,
rfnd_EH24080305358,refund,510000,INR,pay_EH24072500301,1722695280,,rcpt_72500301,processed,normal,normal,UTR24080300005358,,
rfnd_EH24080305360,refund,964000,INR,pay_EH24072400303,1722694440,,rcpt_72400303,processed,normal,normal,UTR24080300005360,,
rfnd_EH24072105372,refund,3356000,INR,pay_EH24070900315,1721571900,,rcpt_70900315,processed,normal,normal,UTR24072100005372,,
rfnd_EH24071105379,refund,521000,INR,pay_EH24070300322,1720709100,,rcpt_70300322,processed,normal,normal,UTR24071100005379,,
rfnd_EH24071205382,refund,486000,INR,pay_EH24070700325,1720795620,,rcpt_70700325,processed,normal,normal,UTR24071200005382,,
rfnd_EH24072105407,refund,75000,INR,pay_EH24072000350,1721572980,,rcpt_72000350,processed,normal,normal,UTR24072100005407,,
rfnd_EH24072205411,refund,431000,INR,pay_EH24071900354,1721658300,,rcpt_71900354,processed,normal,normal,UTR24072200005411,,
rfnd_EH24072905422,refund,157000,INR,pay_EH24071800365,1722262380,,rcpt_71800365,processed,normal,normal,UTR24072900005422,,
rfnd_EH24072805441,refund,195000,INR,pay_EH24072400384,1722176580,,rcpt_72400384,processed,normal,normal,UTR24072800005441,,
rfnd_EH24071205450,refund,1000000,INR,pay_EH24071100393,1720793340,,rcpt_71100393,processed,normal,normal,UTR24071200005450,,
rfnd_EH24071805464,refund,443000,INR,pay_EH24071000408,1721313780,,rcpt_71000408,processed,normal,normal,UTR24071800005464,,
rfnd_EH24071805512,refund,480000,INR,pay_EH24071200459,1721311800,,rcpt_71200459,processed,normal,normal,UTR24071800005512,,
rfnd_EH24072505515,refund,275000,INR,pay_EH24071800462,1721916600,,rcpt_71800462,processed,normal,normal,UTR24072500005515,,
rfnd_EH24072205524,refund,203000,INR,pay_EH24071000471,1721659980,,rcpt_71000471,processed,normal,normal,UTR24072200005524,,
rfnd_EH24071705533,refund,106000,INR,pay_EH24071000480,1721228220,,rcpt_71000480,processed,normal,normal,UTR24071700005533,,
rfnd_EH24072205544,refund,36000,INR,pay_EH24071400491,1721658360,,rcpt_71400491,processed,normal,normal,UTR24072200005544,,
rfnd_EH24072405545,refund,398000,INR,pay_EH24071500492,1721831460,,rcpt_71500492,processed,normal,normal,UTR24072400005545,,
rfnd_EH24080505552,refund,328000,INR,pay_EH24072400499,1722869400,,rcpt_72400499,processed,normal,normal,UTR24080500005552,,
rfnd_EH24081105558,refund,99000,INR,pay_EH24073100505,1723386240,,rcpt_73100505,processed,normal,normal,UTR24081100005558,,
rfnd_EH24072905566,refund,137000,INR,pay_EH24072200513,1722264480,,rcpt_72200513,processed,normal,normal,UTR24072900005566,,
rfnd_EH24072205580,refund,57000,INR,pay_EH24071800527,1721659080,,rcpt_71800527,processed,normal,normal,UTR24072200005580,,
rfnd_EH24071105605,refund,504000,INR,pay_EH24070100552,1720706880,,rcpt_70100552,processed,normal,normal,UTR24071100005605,,
rfnd_EH24080305612,refund,145000,INR,pay_EH24072200559,1722695460,,rcpt_72200559,processed,normal,normal,UTR24080300005612,,
rfnd_EH24071305615,refund,524000,INR,pay_EH24071000562,1720879260,,rcpt_71000562,processed,normal,normal,UTR24071300005615,,
rfnd_EH24081005659,refund,940000,INR,pay_EH24072900606,1723300200,,rcpt_72900606,processed,normal,normal,UTR24081000005659,,
rfnd_EH24080205662,refund,213000,INR,pay_EH24072800609,1722607920,,rcpt_72800609,processed,normal,normal,UTR24080200005662,,
rfnd_EH24071605690,refund,231000,INR,pay_EH24070500637,1721139840,,rcpt_70500637,processed,normal,normal,UTR24071600005690,,
rfnd_EH24071005692,refund,1034000,INR,pay_EH24070600639,1720622700,,rcpt_70600639,processed,normal,normal,UTR24071000005692,,
rfnd_EH24070805712,refund,281000,INR,pay_EH24070200659,1720448220,,rcpt_70200659,processed,normal,normal,UTR24070800005712,,
rfnd_EH24080105725,refund,73000,INR,pay_EH24072500672,1722521280,,rcpt_72500672,processed,normal,normal,UTR24080100005725,,
rfnd_EH24073105746,refund,168000,INR,pay_EH24072000693,1722437100,,rcpt_72000693,processed,normal,normal,UTR24073100005746,,
rfnd_EH24070505752,refund,293000,INR,pay_EH24070100699,1720189320,,rcpt_70100699,processed,normal,normal,UTR24070500005752,,
rfnd_EH24070305762,refund,270000,INR,pay_EH24070200709,1720017660,,rcpt_70200709,processed,normal,normal,UTR24070300005762,,
rfnd_EH24072705773,refund,101000,INR,pay_EH24072000720,1722090300,,rcpt_72000720,processed,normal,normal,UTR24072700005773,,
rfnd_EH24071005779,refund,664000,INR,pay_EH24070600726,1720622640,,rcpt_70600726,processed,normal,normal,UTR24071000005779,,
rfnd_EH24071405793,refund,308000,INR,pay_EH24070800740,1720965720,,rcpt_70800740,processed,normal,normal,UTR24071400005793,,
rfnd_EH24090905848,refund,105000,INR,pay_EH24082800001,1725890640,,rcpt_82800001,processed,normal,normal,UTR24090900005848,,
rfnd_EH24082105859,refund,199000,INR,pay_EH24081900012,1724249580,,rcpt_81900012,processed,normal,normal,UTR24082100005859,,
rfnd_EH24083005861,refund,950000,INR,pay_EH24082100014,1725028320,,rcpt_82100014,processed,normal,normal,UTR24083000005861,,
rfnd_EH24091105892,refund,818000,INR,pay_EH24083000045,1726065600,,rcpt_83000045,processed,normal,normal,UTR24091100005892,,
rfnd_EH24081005922,refund,205000,INR,pay_EH24080300075,1723300380,,rcpt_80300075,processed,normal,normal,UTR24081000005922,,
rfnd_EH24081005924,refund,155000,INR,pay_EH24080900077,1723300740,,rcpt_80900077,processed,normal,normal,UTR24081000005924,,
rfnd_EH24080505925,refund,58000,INR,pay_EH24080400078,1722869940,,rcpt_80400078,processed,normal,normal,UTR24080500005925,,
rfnd_EH24083005927,refund,6455000,INR,pay_EH24082300080,1725026820,,rcpt_82300080,processed,normal,normal,UTR24083000005927,,
rfnd_EH24090105940,refund,505000,INR,pay_EH24082600093,1725199260,,rcpt_82600093,processed,normal,normal,UTR24090100005940,,
rfnd_EH24082305941,refund,122000,INR,pay_EH24081100094,1724424720,,rcpt_81100094,processed,normal,normal,UTR24082300005941,,
rfnd_EH24082505942,refund,255000,INR,pay_EH24081800095,1724597100,,rcpt_81800095,processed,normal,normal,UTR24082500005942,,
rfnd_EH24080805948,refund,93000,INR,pay_EH24080300101,1723126860,,rcpt_80300101,processed,normal,normal,UTR24080800005948,,
rfnd_EH24081505958,refund,558000,INR,pay_EH24080800111,1723731960,,rcpt_80800111,processed,normal,normal,UTR24081500005958,,
rfnd_EH24083105959,refund,110000,INR,pay_EH24082400112,1725112980,,rcpt_82400112,processed,normal,normal,UTR24083100005959,,
rfnd_EH24081705992,refund,1187000,INR,pay_EH24081100145,1723904160,,rcpt_81100145,processed,normal,normal,UTR24081700005992,,
rfnd_EH24081906035,refund,123000,INR,pay_EH24081100188,1724076600,,rcpt_81100188,processed,normal,normal,UTR24081900006035,,
rfnd_EH24081206046,refund,193000,INR,pay_EH24080300199,1723473180,,rcpt_80300199,processed,normal,normal,UTR24081200006046,,
rfnd_EH24080806115,refund,48000,INR,pay_EH24080600269,1723128120,,rcpt_80600269,processed,normal,normal,UTR24080800006115,,
rfnd_EH24081406122,refund,601000,INR,pay_EH24080200276,1723645620,,rcpt_80200276,processed,normal,normal,UTR24081400006122,,
rfnd_EH24083106142,refund,241000,INR,pay_EH24082800296,1725115920,,rcpt_82800296,processed,normal,normal,UTR24083100006142,,
rfnd_EH24081306163,refund,550000,INR,pay_EH24081100317,1723559520,,rcpt_81100317,processed,normal,normal,UTR24081300006163,,
rfnd_EH24081206178,refund,74000,INR,pay_EH24080800332,1723471380,,rcpt_80800332,processed,normal,normal,UTR24081200006178,,
rfnd_EH24090306194,refund,594000,INR,pay_EH24083100348,1725372960,,rcpt_83100348,processed,normal,normal,UTR24090300006194,,
rfnd_EH24082506206,refund,845000,INR,pay_EH24081400360,1724597100,,rcpt_81400360,processed,normal,normal,UTR24082500006206,,
rfnd_EH24083106213,refund,528000,INR,pay_EH24082900367,1725115800,,rcpt_82900367,processed,normal,normal,UTR24083100006213,,
rfnd_EH24081406220,refund,463000,INR,pay_EH24081000375,1723646580,,rcpt_81000375,processed,normal,normal,UTR24081400006220,,
rfnd_EH24082606231,refund,543000,INR,pay_EH24082500386,1724683740,,rcpt_82500386,pending,normal,normal,UTR24082600006231,,
rfnd_EH24080306237,refund,130000,INR,pay_EH24080100392,1722695460,,rcpt_80100392,processed,normal,normal,UTR24080300006237,,
rfnd_EH24081206266,refund,329000,INR,pay_EH24080300421,1723474200,,rcpt_80300421,processed,normal,normal,UTR24081200006266,,
rfnd_EH24082806267,refund,46000,INR,pay_EH24082600422,1724856960,,rcpt_82600422,processed,normal,normal,UTR24082800006267,,
rfnd_EH24082706285,refund,124000,INR,pay_EH24081900440,1724767740,,rcpt_81900440,processed,normal,normal,UTR24082700006285,,
rfnd_EH24090306302,refund,1358000,INR,pay_EH24082800457,1725372780,,rcpt_82800457,processed,normal,normal,UTR24090300006302,,
rfnd_EH24090206313,refund,48000,INR,pay_EH24082600468,1725286380,,rcpt_82600468,processed,normal,normal,UTR24090200006313,,
rfnd_EH24083106325,refund,432000,INR,pay_EH24082900481,1725114360,,rcpt_82900481,processed,normal,normal,UTR24083100006325,,
rfnd_EH24082906333,refund,257000,INR,pay_EH24082200489,1724943540,,rcpt_82200489,processed,normal,normal,UTR24082900006333,,
rfnd_EH24081406396,refund,133000,INR,pay_EH24081300552,1723646400,,rcpt_81300552,pending,normal,normal,UTR24081400006396,,
rfnd_EH24082806402,refund,63000,INR,pay_EH24082600558,1724854440,,rcpt_82600558,processed,normal,normal,UTR24082800006402,,
rfnd_EH24081806418,refund,91000,INR,pay_EH24081200574,1723993020,,rcpt_81200574,processed,normal,normal,UTR24081800006418,,
rfnd_EH24081306426,refund,385000,INR,pay_EH24080300582,1723557720,,rcpt_80300582,processed,normal,normal,UTR24081300006426,,
rfnd_EH24090606447,refund,72000,INR,pay_EH24082700604,1725633900,,rcpt_82700604,processed,normal,normal,UTR24090600006447,,
rfnd_EH24082706461,refund,1112000,INR,pay_EH24081900620,1724767320,,rcpt_81900620,processed,normal,normal,UTR24082700006461,,
rfnd_EH24083006466,refund,52000,INR,pay_EH24082700625,1725028440,,rcpt_82700625,processed,normal,normal,UTR24083000006466,,
rfnd_EH24082306474,refund,53000,INR,pay_EH24081600633,1724422320,,rcpt_81600633,processed,normal,normal,UTR24082300006474,,
rfnd_EH24081506506,refund,120000,INR,pay_EH24080500665,1723730640,,rcpt_80500665,processed,normal,normal,UTR24081500006506,,
rfnd_EH24090206546,refund,117000,INR,pay_EH24082700706,1725289020,,rcpt_82700706,processed,normal,normal,UTR24090200006546,,
rfnd_EH24082006547,refund,79000,INR,pay_EH24081400707,1724164920,,rcpt_81400707,processed,normal,normal,UTR24082000006547,,
rfnd_EH24090106567,refund,252000,INR,pay_EH24082700727,1725200940,,rcpt_82700727,processed,normal,normal,UTR24090100006567,,
rfnd_EH24090106593,refund,96000,INR,pay_EH24083000753,1725200520,,rcpt_83000753,processed,normal,normal,UTR24090100006593,,
rfnd_EH24090306596,refund,810000,INR,pay_EH24083000756,1725374940,,rcpt_83000756,processed,normal,normal,UTR24090300006596,,
rfnd_EH24082306610,refund,176000,INR,pay_EH24081800770,1724422500,,rcpt_81800770,processed,normal,normal,UTR24082300006610,,
rfnd_EH24090906613,refund,68000,INR,pay_EH24082800773,1725890700,,rcpt_82800773,processed,normal,normal,UTR24090900006613,,
rfnd_EH24081906619,refund,675000,INR,pay_EH24081100779,1724076660,,rcpt_81100779,processed,normal,normal,UTR24081900006619,,
rfnd_EH24082806623,refund,506000,INR,pay_EH24082000783,1724855100,,rcpt_82000783,processed,normal,normal,UTR24082800006623,,
rfnd_EH24081406648,refund,70000,INR,pay_EH24080900809,1723647420,,rcpt_80900809,processed,normal,normal,UTR24081400006648,,
rfnd_EH24081406660,refund,132000,INR,pay_EH24080800821,1723646760,,rcpt_80800821,processed,normal,normal,UTR24081400006660,,
rfnd_EH24081106687,refund,213000,INR,pay_EH24080900849,1723386240,,rcpt_80900849,processed,normal,normal,UTR24081100006687,,
rfnd_EH24082406706,refund,780000,INR,pay_EH24081400868,1724511120,,rcpt_81400868,processed,normal,normal,UTR24082400006706,,
rfnd_EH24090706709,refund,251000,INR,pay_EH24082900871,1725719220,,rcpt_82900871,processed,normal,normal,UTR24090700006709,,
rfnd_EH24082906714,refund,171000,INR,pay_EH24081700876,1724940480,,rcpt_81700876,processed,normal,normal,UTR24082900006714,,
rfnd_EH24081306724,refund,279000,INR,pay_EH24080200886,1723559340,,rcpt_80200886,processed,normal,normal,UTR24081300006724,,
rfnd_EH24083106728,refund,99000,INR,pay_EH24082900890,1725114900,,rcpt_82900890,processed,normal,normal,UTR24083100006728,,
rfnd_EH24100206732,refund,73000,INR,pay_EH24092300002,1727879820,,rcpt_92300002,processed,normal,normal,UTR24100200006732,,
rfnd_EH24100206781,refund,1024000,INR,pay_EH24092100053,1727878080,,rcpt_92100053,processed,normal,normal,UTR24100200006781,,
rfnd_EH24093006789,refund,201000,INR,pay_EH24092700061,1727705820,,rcpt_92700061,processed,normal,normal,UTR24093000006789,,
rfnd_EH24091306794,refund,111000,INR,pay_EH24090900066,1726239480,,rcpt_90900066,processed,normal,normal,UTR24091300006794,,
rfnd_EH24090206802,refund,95000,INR,pay_EH24090100074,1725287880,,rcpt_90100074,processed,normal,normal,UTR24090200006802,,
rfnd_EH24091106812,refund,99000,INR,pay_EH24090600084,1726065600,,rcpt_90600084,processed,normal,normal,UTR24091100006812,,
rfnd_EH24100306818,refund,330000,INR,pay_EH24092200090,1727964000,,rcpt_92200090,processed,normal,normal,UTR24100300006818,,
rfnd_EH24100806849,refund,319000,INR,pay_EH24092600121,1728397620,,rcpt_92600121,processed,normal,normal,UTR24100800006849,,
rfnd_EH24092106851,refund,212000,INR,pay_EH24091100123,1726929660,,rcpt_91100123,processed,normal,normal,UTR24092100006851,,
rfnd_EH24091306854,refund,4919000,INR,pay_EH24090900126,1726238880,,rcpt_90900126,processed,normal,normal,UTR24091300006854,,
rfnd_EH24100606865,refund,1902000,INR,pay_EH24092400137,1728225480,,rcpt_92400137,processed,normal,normal,UTR24100600006865,,
rfnd_EH24100306879,refund,617000,INR,pay_EH24092100151,1727966580,,rcpt_92100151,processed,normal,normal,UTR24100300006879,,
rfnd_EH24093006886,refund,312000,INR,pay_EH24091900158,1727705460,,rcpt_91900158,processed,normal,normal,UTR24093000006886,,
rfnd_EH24092406907,refund,312000,INR,pay_EH24091900179,1727188500,,rcpt_91900179,processed,normal,normal,UTR24092400006907,,
rfnd_EH24092206913,refund,305000,INR,pay_EH24091700185,1727017080,,rcpt_91700185,processed,normal,normal,UTR24092200006913,,
rfnd_EH24091506958,refund,356000,INR,pay_EH24090800230,1726412280,,rcpt_90800230,processed,normal,normal,UTR24091500006958,,
rfnd_EH24092806977,refund,385000,INR,pay_EH24092600249,1727534340,,rcpt_92600249,processed,normal,normal,UTR24092800006977,,
rfnd_EH24100906989,refund,35000,INR,pay_EH24092700261,1728485460,,rcpt_92700261,processed,normal,normal,UTR24100900006989,,
rfnd_EH24091306999,refund,62000,INR,pay_EH24091200271,1726236120,,rcpt_91200271,processed,normal,normal,UTR24091300006999,,
rfnd_EH24092707005,refund,689000,INR,pay_EH24092600278,1727447580,,rcpt_92600278,processed,normal,normal,UTR24092700007005,,
rfnd_EH24100407007,refund,148000,INR,pay_EH24092600280,1728050700,,rcpt_92600280,processed,normal,normal,UTR24100400007007,,
rfnd_EH24091807009,refund,1046000,INR,pay_EH24091400282,1726668960,,rcpt_91400282,processed,normal,normal,UTR24091800007009,,
rfnd_EH24100807017,refund,624000,INR,pay_EH24092800290,1728397920,,rcpt_92800290,processed,normal,normal,UTR24100800007017,,
rfnd_EH24092607020,refund,117000,INR,pay_EH24092200293,1727362200,,rcpt_92200293,processed,normal,normal,UTR24092600007020,,
rfnd_EH24091707025,refund,579000,INR,pay_EH24091000298,1726583820,,rcpt_91000298,processed,normal,normal,UTR24091700007025,,
rfnd_EH24092307026,refund,106000,INR,pay_EH24091800299,1727100120,,rcpt_91800299,processed,normal,normal,UTR24092300007026,,
rfnd_EH24100507030,refund,61000,INR,pay_EH24092500303,1728140340,,rcpt_92500303,processed,normal,normal,UTR24100500007030,,
rfnd_EH24100707043,refund,67000,INR,pay_EH24093000316,1728311760,,rcpt_93000316,processed,normal,normal,UTR24100700007043,,
rfnd_EH24092707055,refund,621000,INR,pay_EH24092200328,1727446140,,rcpt_92200328,processed,normal,normal,UTR24092700007055,,
rfnd_EH24091107071,refund,173000,INR,pay_EH24090600345,1726063320,,rcpt_90600345,processed,normal,normal,UTR24091100007071,,
rfnd_EH24091007079,refund,105000,INR,pay_EH24090500353,1725978060,,rcpt_90500353,processed,normal,normal,UTR24091000007079,,
rfnd_EH24092807081,refund,797000,INR,pay_EH24091900355,1727535480,,rcpt_91900355,processed,normal,normal,UTR24092800007081,,
rfnd_EH24100807086,refund,190000,INR,pay_EH24092800360,1728397860,,rcpt_92800360,processed,normal,normal,UTR24100800007086,,
rfnd_EH24093007124,refund,89000,INR,pay_EH24092500398,1727705400,,rcpt_92500398,processed,normal,normal,UTR24093000007124,,
rfnd_EH24100307167,refund,131000,INR,pay_EH24092700442,1727964180,,rcpt_92700442,processed,normal,normal,UTR24100300007167,,
rfnd_EH24092307206,refund,371000,INR,pay_EH24091500482,1727102580,,rcpt_91500482,processed,normal,normal,UTR24092300007206,,
rfnd_EH24101107212,refund,115000,INR,pay_EH24093000488,1728657240,,rcpt_93000488,processed,normal,normal,UTR24101100007212,,
rfnd_EH24092307217,refund,832000,INR,pay_EH24091600493,1727102760,,rcpt_91600493,processed,normal,normal,UTR24092300007217,,
rfnd_EH24091907219,refund,87000,INR,pay_EH24091500495,1726755840,,rcpt_91500495,processed,normal,normal,UTR24091900007219,,
rfnd_EH24092607225,refund,45000,INR,pay_EH24092200501,1727362380,,rcpt_92200501,processed,normal,normal,UTR24092600007225,,
rfnd_EH24091607253,refund,1039000,INR,pay_EH24091200529,1726495680,,rcpt_91200529,processed,normal,normal,UTR24091600007253,,
rfnd_EH24090507269,refund,1307000,INR,pay_EH24090100545,1725547020,,rcpt_90100545,processed,normal,normal,UTR24090500007269,,
rfnd_EH24100207293,refund,38000,INR,pay_EH24092100569,1727878440,,rcpt_92100569,processed,normal,normal,UTR24100200007293,,
rfnd_EH24100807297,refund,507000,INR,pay_EH24092600573,1728396300,,rcpt_92600573,pending,normal,normal,UTR24100800007297,,
rfnd_EH24092507300,refund,766000,INR,pay_EH24092400576,1727275560,,rcpt_92400576,processed,normal,normal,UTR24092500007300,,
rfnd_EH24090607303,refund,222000,INR,pay_EH24090200579,1725633780,,rcpt_90200579,processed,normal,normal,UTR24090600007303,,
rfnd_EH24091907319,refund,74000,INR,pay_EH24090700595,1726756080,,rcpt_90700595,processed,normal,normal,UTR24091900007319,,
rfnd_EH24093007333,refund,483000,INR,pay_EH24091900610,1727706780,,rcpt_91900610,processed,normal,normal,UTR24093000007333,,
rfnd_EH24101007343,refund,978000,INR,pay_EH24092900621,1728570540,,rcpt_92900621,processed,normal,normal,UTR24101000007343,,
rfnd_EH24092207349,refund,1371000,INR,pay_EH24091300627,1727014920,,rcpt_91300627,processed,normal,normal,UTR24092200007349,,
rfnd_EH24092407367,refund,893000,INR,pay_EH24091400645,1727188560,,rcpt_91400645,processed,normal,normal,UTR24092400007367,,
rfnd_EH24092607368,refund,446000,INR,pay_EH24092500646,1727359560,,rcpt_92500646,processed,normal,normal,UTR24092600007368,,
rfnd_EH24090907380,refund,1180000,INR,pay_EH24090800658,1725893940,,rcpt_90800658,processed,normal,normal,UTR24090900007380,,
rfnd_EH24091107407,refund,561000,INR,pay_EH24090600685,1726065600,,rcpt_90600685,processed,normal,normal,UTR24091100007407,,
rfnd_EH24100807412,refund,57000,INR,pay_EH24092600690,1728398400,,rcpt_92600690,processed,normal,normal,UTR24100800007412,,
rfnd_EH24101107416,refund,290000,INR,pay_EH24093000694,1728658560,,rcpt_93000694,processed,normal,normal,UTR24101100007416,,
rfnd_EH24091407441,refund,75000,INR,pay_EH24091100720,1726322520,,rcpt_91100720,processed,normal,normal,UTR24091400007441,,
rfnd_EH24091707443,refund,712000,INR,pay_EH24090500722,1726582860,,rcpt_90500722,processed,normal,normal,UTR24091700007443,,
rfnd_EH24090407453,refund,47000,INR,pay_EH24090200732,1725458520,,rcpt_90200732,processed,normal,normal,UTR24090400007453,,
rfnd_EH24091507481,refund,220000,INR,pay_EH24090700760,1726409040,,rcpt_90700760,processed,normal,normal,UTR24091500007481,,
rfnd_EH24100607488,refund,267000,INR,pay_EH24092900767,1728226320,,rcpt_92900767,processed,normal,normal,UTR24100600007488,,
rfnd_EH24092907520,refund,39000,INR,pay_EH24092500799,1727621580,,rcpt_92500799,processed,normal,normal,UTR24092900007520,,
rfnd_EH24100407525,refund,291000,INR,pay_EH24092900804,1728051120,,rcpt_92900804,processed,normal,normal,UTR24100400007525,,
rfnd_EH24092007576,refund,629000,INR,pay_EH24091700855,1726840980,,rcpt_91700855,processed,normal,normal,UTR24092000007576,,
rfnd_EH24091807581,refund,791000,INR,pay_EH24091500860,1726669500,,rcpt_91500860,processed,normal,normal,UTR24091800007581,,
rfnd_EH24090807584,refund,86000,INR,pay_EH24090400863,1725807180,,rcpt_90400863,processed,normal,normal,UTR24090800007584,,
rfnd_EH24092507598,refund,137000,INR,pay_EH24091500877,1727273280,,rcpt_91500877,processed,normal,normal,UTR24092500007598,,
rfnd_EH24100207607,refund,52000,INR,pay_EH24092300887,1727878500,,rcpt_92300887,processed,normal,normal,UTR24100200007607,,
rfnd_EH24091507624,refund,857000,INR,pay_EH24090300904,1726409460,,rcpt_90300904,processed,normal,normal,UTR24091500007624,,
rfnd_EH24101407637,refund,919000,INR,pay_EH24101300004,1728915960,,rcpt_01300004,processed,normal,normal,UTR24101400007637,,
rfnd_EH24110807652,refund,315000,INR,pay_EH24103000019,1731077940,,rcpt_03000019,processed,normal,normal,UTR24110800007652,,
rfnd_EH24110107674,refund,301000,INR,pay_EH24102500041,1730472120,,rcpt_02500041,processed,normal,normal,UTR24110100007674,,
rfnd_EH24101707684,refund,897000,INR,pay_EH24100700051,1729176660,,rcpt_00700051,processed,normal,normal,UTR24101700007684,,
rfnd_EH24102907738,refund,126000,INR,pay_EH24102000108,1730210400,,rcpt_02000108,processed,normal,normal,UTR24102900007738,,
rfnd_EH24101607742,refund,447000,INR,pay_EH24101400112,1729087980,,rcpt_01400112,processed,normal,normal,UTR24101600007742,,
rfnd_EH24102307747,refund,396000,INR,pay_EH24101300117,1729694220,,rcpt_01300117,processed,normal,normal,UTR24102300007747,,
rfnd_EH24103007750,refund,112000,INR,pay_EH24102700120,1730296860,,rcpt_02700120,processed,normal,normal,UTR24103000007750,,
rfnd_EH24101707769,refund,116000,INR,pay_EH24101500139,1729176120,,rcpt_01500139,processed,normal,normal,UTR24101700007769,,
rfnd_EH24102007770,refund,65000,INR,pay_EH24101900140,1729434000,,rcpt_01900140,processed,normal,normal,UTR24102000007770,,
rfnd_EH24100507781,refund,526000,INR,pay_EH24100400151,1728136920,,rcpt_00400151,processed,normal,normal,UTR24100500007781,,
rfnd_EH24101807782,refund,68000,INR,pay_EH24100800152,1729260180,,rcpt_00800152,processed,normal,normal,UTR24101800007782,,
rfnd_EH24101707806,refund,642000,INR,pay_EH24101600176,1729174200,,rcpt_01600176,processed,normal,normal,UTR24101700007806,,
rfnd_EH24110707821,refund,84000,INR,pay_EH24102900191,1730988180,,rcpt_02900191,processed,normal,normal,UTR24110700007821,,
rfnd_EH24102707838,refund,1101000,INR,pay_EH24102500208,1730040540,,rcpt_02500208,processed,normal,normal,UTR24102700007838,,
rfnd_EH24101107854,refund,179000,INR,pay_EH24101000224,1728658620,,rcpt_01000224,processed,normal,normal,UTR24101100007854,,
rfnd_EH24101907913,refund,142000,INR,pay_EH24100800286,1729348200,,rcpt_00800286,processed,normal,normal,UTR24101900007913,,
rfnd_EH24101307948,refund,46000,INR,pay_EH24100100322,1728830160,,rcpt_00100322,processed,normal,normal,UTR24101300007948,,
rfnd_EH24102007957,refund,344000,INR,pay_EH24101700331,1729434360,,rcpt_01700331,processed,normal,normal,UTR24102000007957,,
rfnd_EH24102207992,refund,277000,INR,pay_EH24101400366,1729607760,,rcpt_01400366,processed,normal,normal,UTR24102200007992,,
rfnd_EH24100908004,refund,178000,INR,pay_EH24100400378,1728484140,,rcpt_00400378,processed,normal,normal,UTR24100900008004,,
rfnd_EH24102108009,refund,146000,INR,pay_EH24101000383,1729521540,,rcpt_01000383,processed,normal,normal,UTR24102100008009,,
rfnd_EH24100708025,refund,363000,INR,pay_EH24100300399,1728311580,,rcpt_00300399,processed,normal,normal,UTR24100700008025,,
rfnd_EH24101108036,refund,667000,INR,pay_EH24100900410,1728657360,,rcpt_00900410,processed,normal,normal,UTR24101100008036,,
rfnd_EH24102108037,refund,401000,INR,pay_EH24102000411,1729522140,,rcpt_02000411,processed,normal,normal,UTR24102100008037,,
rfnd_EH24102608042,refund,785000,INR,pay_EH24102500416,1729951620,,rcpt_02500416,processed,normal,normal,UTR24102600008042,,
rfnd_EH24102508052,refund,564000,INR,pay_EH24102200426,1729867740,,rcpt_02200426,processed,normal,normal,UTR24102500008052,,
rfnd_EH24103108085,refund,76000,INR,pay_EH24102000459,1730383200,,rcpt_02000459,processed,normal,normal,UTR24103100008085,,
rfnd_EH24102708107,refund,275000,INR,pay_EH24102200481,1730037900,,rcpt_02200481,processed,normal,normal,UTR24102700008107,,
rfnd_EH24102608117,refund,368000,INR,pay_EH24102500491,1729952700,,rcpt_02500491,processed,normal,normal,UTR24102600008117,,
rfnd_EH24101608151,refund,676000,INR,pay_EH24101400526,1729088640,,rcpt_01400526,processed,normal,normal,UTR24101600008151,,
rfnd_EH24102108158,refund,40000,INR,pay_EH24102000533,1729521780,,rcpt_02000533,processed,normal,normal,UTR24102100008158,,
rfnd_EH24101108174,refund,414000,INR,pay_EH24101000549,1728656100,,rcpt_01000549,processed,normal,normal,UTR24101100008174,,
rfnd_EH24101808194,refund,32000,INR,pay_EH24101000569,1729260840,,rcpt_01000569,processed,normal,normal,UTR24101800008194,,
rfnd_EH24110508200,refund,194000,INR,pay_EH24102700575,1730817720,,rcpt_02700575,processed,normal,normal,UTR24110500008200,,
rfnd_EH24101208211,refund,272000,INR,pay_EH24100200586,1728744300,,rcpt_00200586,processed,normal,normal,UTR24101200008211,,
rfnd_EH24100408216,refund,170000,INR,pay_EH24100300591,1728053940,,rcpt_00300591,processed,normal,normal,UTR24100400008216,,
rfnd_EH24102508227,refund,104000,INR,pay_EH24101300602,1729866240,,rcpt_01300602,processed,normal,normal,UTR24102500008227,,
rfnd_EH24101308242,refund,542000,INR,pay_EH24100300617,1728831120,,rcpt_00300617,processed,normal,normal,UTR24101300008242,,
rfnd_EH24111108250,refund,386000,INR,pay_EH24103000625,1731335280,,rcpt_03000625,processed,normal,normal,UTR24111100008250,,
rfnd_EH24110108253,refund,717000,INR,pay_EH24102500628,1730470560,,rcpt_02500628,processed,normal,normal,UTR24110100008253,,
rfnd_EH24101208263,refund,117000,INR,pay_EH24100700638,1728744540,,rcpt_00700638,processed,normal,normal,UTR24101200008263,,
rfnd_EH24101108269,refund,2059000,INR,pay_EH24100500644,1728658500,,rcpt_00500644,processed,normal,normal,UTR24101100008269,,
rfnd_EH24102308271,refund,629000,INR,pay_EH24101700646,1729694340,,rcpt_01700646,processed,normal,normal,UTR24102300008271,,
rfnd_EH24101408273,refund,518000,INR,pay_EH24100600648,1728915600,,rcpt_00600648,processed,normal,normal,UTR24101400008273,,
rfnd_EH24103108302,refund,1291000,INR,pay_EH24102000677,1730386380,,rcpt_02000677,processed,normal,normal,UTR24103100008302,,
rfnd_EH24110808340,refund,237000,INR,pay_EH24103000715,1731075480,,rcpt_03000715,processed,normal,normal,UTR24110800008340,,
rfnd_EH24102008348,refund,87000,INR,pay_EH24101200723,1729434420,,rcpt_01200723,processed,normal,normal,UTR24102000008348,,
rfnd_EH24110208349,refund,210000,INR,pay_EH24102100724,1730556900,,rcpt_02100724,processed,normal,normal,UTR24110200008349,,
rfnd_EH24101408359,refund,62000,INR,pay_EH24101100734,1728916020,,rcpt_01100734,processed,normal,normal,UTR24101400008359,,
rfnd_EH24110108372,refund,804000,INR,pay_EH24102600747,1730469900,,rcpt_02600747,processed,normal,normal,UTR24110100008372,,
rfnd_EH24102508373,refund,220000,INR,pay_EH24101700748,1729867920,,rcpt_01700748,processed,normal,normal,UTR24102500008373,,
rfnd_EH24101308390,refund,99000,INR,pay_EH24100200765,1728831540,,rcpt_00200765,processed,normal,normal,UTR24101300008390,,
rfnd_EH24101408404,refund,1049000,INR,pay_EH24101200781,1728915060,,rcpt_01200781,processed,normal,normal,UTR24101400008404,,
rfnd_EH24102908414,refund,441000,INR,pay_EH24102000791,1730211180,,rcpt_02000791,processed,normal,normal,UTR24102900008414,,
rfnd_EH24110108452,refund,319000,INR,pay_EH24102900829,1730472480,,rcpt_02900829,processed,normal,normal,UTR24110100008452,,
rfnd_EH24101808453,refund,259000,INR,pay_EH24100600830,1729263240,,rcpt_00600830,processed,normal,normal,UTR24101800008453,,
rfnd_EH24102108473,refund,174000,INR,pay_EH24101700850,1729521420,,rcpt_01700850,processed,normal,normal,UTR24102100008473,,
rfnd_EH24102508475,refund,107000,INR,pay_EH24102000852,1729865760,,rcpt_02000852,processed,normal,normal,UTR24102500008475,,
rfnd_EH24101308476,refund,133000,INR,pay_EH24100700853,1728829620,,rcpt_00700853,processed,normal,normal,UTR24101300008476,,
rfnd_EH24112208516,refund,263000,INR,pay_EH24111200036,1732287480,,rcpt_11200036,processed,normal,normal,UTR24112200008516,,
rfnd_EH24120208545,refund,1364000,INR,pay_EH24112800066,1733149320,,rcpt_12800066,processed,normal,normal,UTR24120200008545,,
rfnd_EH24111108560,refund,219000,INR,pay_EH24110200081,1731335220,,rcpt_10200081,processed,normal,normal,UTR24111100008560,,
rfnd_EH24111408565,refund,109000,INR,pay_EH24111100086,1731594300,,rcpt_11100086,processed,normal,normal,UTR24111400008565,,
rfnd_EH24110908580,refund,155000,INR,pay_EH24110600101,1731163020,,rcpt_10600101,processed,normal,normal,UTR24110900008580,,
rfnd_EH24120608604,refund,639000,INR,pay_EH24113000125,1733495820,,rcpt_13000125,processed,normal,normal,UTR24120600008604,,
rfnd_EH24120508626,refund,810000,INR,pay_EH24113000147,1733410440,,rcpt_13000147,processed,normal,normal,UTR24120500008626,,
rfnd_EH24112108631,refund,6186000,INR,pay_EH24111300152,1732198440,,rcpt_11300152,processed,normal,normal,UTR24112100008631,,
rfnd_EH24112808640,refund,207000,INR,pay_EH24111800161,1732803960,,rcpt_11800161,processed,normal,normal,UTR24112800008640,,
rfnd_EH24112908650,refund,1184000,INR,pay_EH24112100171,1732888980,,rcpt_12100171,processed,normal,normal,UTR24112900008650,,
rfnd_EH24112008658,refund,715000,INR,pay_EH24110900179,1732111320,,rcpt_10900179,processed,normal,normal,UTR24112000008658,,
rfnd_EH24111708661,refund,138000,INR,pay_EH24111100183,1731853020,,rcpt_11100183,processed,normal,normal,UTR24111700008661,,
rfnd_EH24112708666,refund,98000,INR,pay_EH24112400188,1732718520,,rcpt_12400188,processed,normal,normal,UTR24112700008666,,
rfnd_EH24111808794,refund,309000,INR,pay_EH24110700318,1731940440,,rcpt_10700318,processed,normal,normal,UTR24111800008794,,
rfnd_EH24111908809,refund,460000,INR,pay_EH24111100333,1732026180,,rcpt_11100333,processed,normal,normal,UTR24111900008809,,
rfnd_EH24112008813,refund,411000,INR,pay_EH24111500337,1732113180,,rcpt_11500337,processed,normal,normal,UTR24112000008813,,
rfnd_EH24112108816,refund,119000,INR,pay_EH24111000340,1732198500,,rcpt_11000340,processed,normal,normal,UTR24112100008816,,
rfnd_EH24111008845,refund,590000,INR,pay_EH24110800369,1731248400,,rcpt_10800369,processed,normal,normal,UTR24111000008845,,
rfnd_EH24120308847,refund,271000,INR,pay_EH24112100371,1733236080,,rcpt_12100371,processed,normal,normal,UTR24120300008847,,
rfnd_EH24120108878,refund,174000,INR,pay_EH24112700402,1733064480,,rcpt_12700402,processed,normal,normal,UTR24120100008878,,
rfnd_EH24120408888,refund,391000,INR,pay_EH24112400412,1733323680,,rcpt_12400412,processed,normal,normal,UTR24120400008888,,
rfnd_EH24120208900,refund,477000,INR,pay_EH24112600424,1733148540,,rcpt_12600424,processed,normal,normal,UTR24120200008900,,
rfnd_EH24113008910,refund,460000,INR,pay_EH24112200434,1732978500,,rcpt_12200434,processed,normal,normal,UTR24113000008910,,
rfnd_EH24120308922,refund,423000,INR,pay_EH24112400446,1733235180,,rcpt_12400446,processed,normal,normal,UTR24120300008922,,
rfnd_EH24120408924,refund,875000,INR,pay_EH24112200448,1733323860,,rcpt_12200448,processed,normal,normal,UTR24120400008924,,
rfnd_EH24120308938,refund,53000,INR,pay_EH24112900462,1733237100,,rcpt_12900462,processed,normal,normal,UTR24120300008938,,
rfnd_EH24111908943,refund,1015000,INR,pay_EH24110700467,1732024920,,rcpt_10700467,processed,normal,normal,UTR24111900008943,,
rfnd_EH24111008947,refund,449000,INR,pay_EH24110500471,1731247620,,rcpt_10500471,processed,normal,normal,UTR24111000008947,,
rfnd_EH24113008973,refund,219000,INR,pay_EH24112400497,1732977660,,rcpt_12400497,processed,normal,normal,UTR24113000008973,,
rfnd_EH24120708975,refund,228000,INR,pay_EH24112600499,1733580660,,rcpt_12600499,processed,normal,normal,UTR24120700008975,,
rfnd_EH24120208979,refund,464000,INR,pay_EH24112600503,1733149440,,rcpt_12600503,processed,normal,normal,UTR24120200008979,,
rfnd_EH24111808990,refund,142000,INR,pay_EH24111500514,1731940980,,rcpt_11500514,processed,normal,normal,UTR24111800008990,,
rfnd_EH24111608998,refund,127000,INR,pay_EH24110700522,1731766560,,rcpt_10700522,processed,normal,normal,UTR24111600008998,,
rfnd_EH24112609005,refund,114000,INR,pay_EH24112100529,1732631280,,rcpt_12100529,processed,normal,normal,UTR24112600009005,,
rfnd_EH24111109010,refund,134000,INR,pay_EH24110200534,1731335160,,rcpt_10200534,processed,normal,normal,UTR24111100009010,,
rfnd_EH24120809032,refund,162000,INR,pay_EH24112800557,1733668620,,rcpt_12800557,processed,normal,normal,UTR24120800009032,,
rfnd_EH24110809062,refund,257000,INR,pay_EH24110400587,1731077460,,rcpt_10400587,processed,normal,normal,UTR24110800009062,,
rfnd_EH24111709146,refund,651000,INR,pay_EH24111400671,1731853140,,rcpt_11400671,processed,normal,normal,UTR24111700009146,,
rfnd_EH24111309148,refund,48000,INR,pay_EH24110600673,1731509100,,rcpt_10600673,processed,normal,normal,UTR24111300009148,,
rfnd_EH24111609182,refund,286000,INR,pay_EH24110500707,1731768300,,rcpt_10500707,processed,normal,normal,UTR24111600009182,,
rfnd_EH24112609184,refund,213000,INR,pay_EH24111600709,1732630800,,rcpt_11600709,processed,normal,normal,UTR24112600009184,,
rfnd_EH24110609187,refund,723000,INR,pay_EH24110500712,1730903880,,rcpt_10500712,processed,normal,normal,UTR24110600009187,,
rfnd_EH24110909197,refund,182000,INR,pay_EH24110700722,1731162300,,rcpt_10700722,processed,normal,normal,UTR24110900009197,,
rfnd_EH24112909203,refund,178000,INR,pay_EH24112100728,1732890000,,rcpt_12100728,pending,normal,normal,UTR24112900009203,,
rfnd_EH24111809207,refund,290000,INR,pay_EH24110600732,1731941520,,rcpt_10600732,processed,normal,normal,UTR24111800009207,,
rfnd_EH24112609209,refund,284000,INR,pay_EH24112000734,1732630260,,rcpt_12000734,processed,normal,normal,UTR24112600009209,,
rfnd_EH24120309219,refund,356000,INR,pay_EH24112400744,1733234820,,rcpt_12400744,processed,normal,normal,UTR24120300009219,,
rfnd_EH24112009220,refund,887000,INR,pay_EH24111600745,1732111320,,rcpt_11600745,processed,normal,normal,UTR24112000009220,,
rfnd_EH24112609224,refund,273000,INR,pay_EH24111800749,1732631160,,rcpt_11800749,processed,normal,normal,UTR24112600009224,,
rfnd_EH24112309234,refund,54000,INR,pay_EH24112000759,1732371300,,rcpt_12000759,processed,normal,normal,UTR24112300009234,,
rfnd_EH24120309248,refund,40000,INR,pay_EH24112200774,1733236140,,rcpt_12200774,processed,normal,normal,UTR24120300009248,,
rfnd_EH24112009249,refund,201000,INR,pay_EH24111100775,1732111680,,rcpt_11100775,processed,normal,normal,UTR24112000009249,,
rfnd_EH24112809266,refund,41000,INR,pay_EH24112200793,1732804740,,rcpt_12200793,processed,normal,normal,UTR24112800009266,,
rfnd_EH24112409279,refund,186000,INR,pay_EH24111300806,1732456800,,rcpt_11300806,processed,normal,normal,UTR24112400009279,,
rfnd_EH24111409299,refund,80000,INR,pay_EH24110500826,1731594600,,rcpt_10500826,processed,normal,normal,UTR24111400009299,,
rfnd_EH24120309313,refund,35000,INR,pay_EH24112600840,1733237700,,rcpt_12600840,processed,normal,normal,UTR24120300009313,,
rfnd_EH24120709341,refund,50000,INR,pay_EH24112900869,1733581200,,rcpt_12900869,processed,normal,normal,UTR24120700009341,,
rfnd_EH24120409363,refund,2883000,INR,pay_EH24112400891,1733322000,,rcpt_12400891,processed,normal,normal,UTR24120400009363,,
rfnd_EH24111609395,refund,372000,INR,pay_EH24111500923,1731768120,,rcpt_11500923,processed,normal,normal,UTR24111600009395,,
rfnd_EH25010609432,refund,565000,INR,pay_EH24123100016,1736173680,,rcpt_23100016,processed,normal,normal,UTR25010600009432,,
rfnd_EH25010109433,refund,622000,INR,pay_EH24122500017,1735743240,,rcpt_22500017,processed,normal,normal,UTR25010100009433,,
rfnd_EH24120209483,refund,516000,INR,pay_EH24120100067,1733150100,,rcpt_20100067,processed,normal,normal,UTR24120200009483,,
rfnd_EH24121809519,refund,380000,INR,pay_EH24120900104,1734533820,,rcpt_20900104,processed,normal,normal,UTR24121800009519,,
rfnd_EH24121409541,refund,389000,INR,pay_EH24120900126,1734184980,,rcpt_20900126,processed,normal,normal,UTR24121400009541,,
rfnd_EH24122709543,refund,156000,INR,pay_EH24122100128,1735311180,,rcpt_22100128,processed,normal,normal,UTR24122700009543,,
rfnd_EH24121609545,refund,44000,INR,pay_EH24120400130,1734358860,,rcpt_20400130,processed,normal,normal,UTR24121600009545,,
rfnd_EH24122909602,refund,104000,INR,pay_EH24122800187,1735482360,,rcpt_22800187,processed,normal,normal,UTR24122900009602,,
rfnd_EH24121009649,refund,46000,INR,pay_EH24120200234,1733842080,,rcpt_20200234,processed,normal,normal,UTR24121000009649,,
rfnd_EH24120809659,refund,325000,INR,pay_EH24120600244,1733667060,,rcpt_20600244,processed,normal,normal,UTR24120800009659,,
rfnd_EH24120909709,refund,47000,INR,pay_EH24120400295,1733756280,,rcpt_20400295,processed,normal,normal,UTR24120900009709,,
rfnd_EH24122709718,refund,80000,INR,pay_EH24122400304,1735310280,,rcpt_22400304,processed,normal,normal,UTR24122700009718,,
rfnd_EH24121609723,refund,160000,INR,pay_EH24121200309,1734359220,,rcpt_21200309,processed,normal,normal,UTR24121600009723,,
rfnd_EH24122809727,refund,394000,INR,pay_EH24121700313,1735395480,,rcpt_21700313,processed,normal,normal,UTR24122800009727,,
rfnd_EH24121709731,refund,112000,INR,pay_EH24121600318,1734447420,,rcpt_21600318,processed,normal,normal,UTR24121700009731,,
rfnd_EH24121909742,refund,125000,INR,pay_EH24121600329,1734617220,,rcpt_21600329,processed,normal,normal,UTR24121900009742,,
rfnd_EH24123109775,refund,694000,INR,pay_EH24122200362,1735655640,,rcpt_22200362,processed,normal,normal,UTR24123100009775,,
rfnd_EH24123109814,refund,541000,INR,pay_EH24122000401,1735656240,,rcpt_22000401,processed,normal,normal,UTR24123100009814,,
rfnd_EH24120909830,refund,196000,INR,pay_EH24120500417,1733756220,,rcpt_20500417,processed,normal,normal,UTR24120900009830,,
rfnd_EH24122509831,refund,202000,INR,pay_EH24122400418,1735136760,,rcpt_22400418,processed,normal,normal,UTR24122500009831,,
rfnd_EH24121009846,refund,51000,INR,pay_EH24120300433,1733840220,,rcpt_20300433,processed,normal,normal,UTR24121000009846,,
rfnd_EH24120509892,refund,450000,INR,pay_EH24120200481,1733408400,,rcpt_20200481,processed,normal,normal,UTR24120500009892,,
rfnd_EH25010709904,refund,434000,INR,pay_EH24122700493,1736258940,,rcpt_22700493,processed,normal,normal,UTR25010700009904,,
rfnd_EH24123009906,refund,325000,INR,pay_EH24122700495,1735568700,,rcpt_22700495,processed,normal,normal,UTR24123000009906,,
rfnd_EH24120809915,refund,473000,INR,pay_EH24120400504,1733666820,,rcpt_20400504,processed,normal,normal,UTR24120800009915,,
rfnd_EH24122409924,refund,440000,INR,pay_EH24121700513,1735052040,,rcpt_21700513,processed,normal,normal,UTR24122400009924,,
rfnd_EH24121709925,refund,1307000,INR,pay_EH24121600514,1734446580,,rcpt_21600514,processed,normal,normal,UTR24121700009925,,
rfnd_EH24122909928,refund,111000,INR,pay_EH24122800517,1735483860,,rcpt_22800517,processed,normal,normal,UTR24122900009928,,
rfnd_EH24121109945,refund,194000,INR,pay_EH24120300534,1733928780,,rcpt_20300534,processed,normal,normal,UTR24121100009945,,
rfnd_EH24122309946,refund,124000,INR,pay_EH24121400535,1734963660,,rcpt_21400535,processed,normal,normal,UTR24122300009946,,
rfnd_EH24122509981,refund,1217000,INR,pay_EH24121900570,1735138620,,rcpt_21900570,processed,normal,normal,UTR24122500009981,,
rfnd_EH24121510018,refund,724000,INR,pay_EH24121400608,1734272160,,rcpt_21400608,processed,normal,normal,UTR24121500010018,,
rfnd_EH24122610037,refund,390000,INR,pay_EH24121400627,1735223760,,rcpt_21400627,processed,normal,normal,UTR24122600010037,,
rfnd_EH25010210038,refund,263000,INR,pay_EH24122800628,1735829820,,rcpt_22800628,processed,normal,normal,UTR25010200010038,,
rfnd_EH24122510039,refund,190000,INR,pay_EH24122000629,1735138020,,rcpt_22000629,processed,normal,normal,UTR24122500010039,,
rfnd_EH24121110060,refund,339000,INR,pay_EH24120900651,1733926620,,rcpt_20900651,processed,normal,normal,UTR24121100010060,,
rfnd_EH25010110112,refund,85000,INR,pay_EH24122500703,1735740360,,rcpt_22500703,processed,normal,normal,UTR25010100010112,,
rfnd_EH25010810136,refund,178000,INR,pay_EH24123100727,1736345760,,rcpt_23100727,processed,normal,normal,UTR25010800010136,,
rfnd_EH24121610145,refund,484000,INR,pay_EH24120500736,1734358980,,rcpt_20500736,processed,normal,normal,UTR24121600010145,,
rfnd_EH24121210164,refund,485000,INR,pay_EH24120700755,1734012360,,rcpt_20700755,processed,normal,normal,UTR24121200010164,,
rfnd_EH24120510174,refund,157000,INR,pay_EH24120200766,1733408760,,rcpt_20200766,processed,normal,normal,UTR24120500010174,,
rfnd_EH24122310211,refund,545000,INR,pay_EH24121700803,1734963120,,rcpt_21700803,processed,normal,normal,UTR24122300010211,,
rfnd_EH24122810212,refund,41000,INR,pay_EH24122600804,1735394580,,rcpt_22600804,processed,normal,normal,UTR24122800010212,,
rfnd_EH24122710217,refund,287000,INR,pay_EH24122000809,1735310460,,rcpt_22000809,processed,normal,normal,UTR24122700010217,,
rfnd_EH24123010266,refund,1394000,INR,pay_EH24122600858,1735568220,,rcpt_22600858,processed,normal,normal,UTR24123000010266,,
rfnd_EH25010610277,refund,250000,INR,pay_EH24122900869,1736172720,,rcpt_22900869,processed,normal,normal,UTR25010600010277,,
rfnd_EH24121410281,refund,441000,INR,pay_EH24120200873,1734186360,,rcpt_20200873,processed,normal,normal,UTR24121400010281,,
rfnd_EH24121410293,refund,1517000,INR,pay_EH24120300887,1734187380,,rcpt_20300887,processed,normal,normal,UTR24121400010293,,
rfnd_EH24121610297,refund,157000,INR,pay_EH24121500891,1734360060,,rcpt_21500891,processed,normal,normal,UTR24121600010297,,
rfnd_EH24121710298,refund,6713000,INR,pay_EH24121200892,1734445080,,rcpt_21200892,processed,normal,normal,UTR24121700010298,,
rfnd_EH25010310323,refund,834000,INR,pay_EH24122300918,1735914600,,rcpt_22300918,processed,normal,normal,UTR25010300010323,,
rfnd_EH24120310334,refund,129000,INR,pay_EH24120200929,1733235120,,rcpt_20200929,processed,normal,normal,UTR24120300010334,,
rfnd_EH24122010337,refund,421000,INR,pay_EH24120800932,1734706380,,rcpt_20800932,processed,normal,normal,UTR24122000010337,,
rfnd_EH24123110340,refund,882000,INR,pay_EH24122100935,1735656060,,rcpt_22100935,pending,normal,normal,UTR24123100010340,,
rfnd_EH24121910349,refund,430000,INR,pay_EH24121300944,1734618480,,rcpt_21300944,processed,normal,normal,UTR24121900010349,,
rfnd_EH24122210368,refund,248000,INR,pay_EH24121400963,1734877320,,rcpt_21400963,processed,normal,normal,UTR24122200010368,,
rfnd_EH24123010371,refund,517000,INR,pay_EH24122900966,1735568880,,rcpt_22900966,processed,normal,normal,UTR24123000010371,,
rfnd_EH24122810376,refund,180000,INR,pay_EH24122000972,1735396020,,rcpt_22000972,processed,normal,normal,UTR24122800010376,,
rfnd_EH24121110378,refund,540000,INR,pay_EH24120400974,1733925840,,rcpt_20400974,processed,normal,normal,UTR24121100010378,,
rfnd_EH24120810380,refund,65000,INR,pay_EH24120400976,1733669100,,rcpt_20400976,processed,normal,normal,UTR24120800010380,,
rfnd_EH25010710381,refund,84000,INR,pay_EH24123100977,1736258640,,rcpt_23100977,processed,normal,normal,UTR25010700010381,,
rfnd_EH24122610383,refund,76000,INR,pay_EH24122400979,1735224180,,rcpt_22400979,processed,normal,normal,UTR24122600010383,,
rfnd_EH24121210392,refund,811000,INR,pay_EH24120900988,1734013260,,rcpt_20900988,processed,normal,normal,UTR24121200010392,,
rfnd_EH24122510404,refund,401000,INR,pay_EH24122201000,1735136700,,rcpt_22201000,processed,normal,normal,UTR24122500010404,,
rfnd_EH25010710408,refund,823000,INR,pay_EH24122901004,1736260020,,rcpt_22901004,processed,normal,normal,UTR25010700010408,,
rfnd_EH24120610409,refund,7088000,INR,pay_EH24120101005,1733495160,,rcpt_20101005,processed,normal,normal,UTR24120600010409,,
rfnd_EH25010510433,refund,683000,INR,pay_EH24122901029,1736086260,,rcpt_22901029,processed,normal,normal,UTR25010500010433,,
rfnd_EH25010310446,refund,228000,INR,pay_EH24122201043,1735913820,,rcpt_22201043,processed,normal,normal,UTR25010300010446,,
rfnd_EH25020310484,refund,193000,INR,pay_EH25012300012,1738594140,,rcpt_12300012,processed,normal,normal,UTR25020300010484,,
rfnd_EH25011510490,refund,672000,INR,pay_EH25010700018,1736949780,,rcpt_10700018,processed,normal,normal,UTR25011500010490,,
rfnd_EH25010210503,refund,107000,INR,pay_EH25010100031,1735828740,,rcpt_10100031,processed,normal,normal,UTR25010200010503,,
rfnd_EH25021210530,refund,759000,INR,pay_EH25013100058,1739370480,,rcpt_13100058,processed,normal,normal,UTR25021200010530,,
rfnd_EH25011610533,refund,1032000,INR,pay_EH25010600061,1737037920,,rcpt_10600061,pending,normal,normal,UTR25011600010533,,
rfnd_EH25020610565,refund,1169000,INR,pay_EH25013000093,1738851240,,rcpt_13000093,processed,normal,normal,UTR25020600010565,,
rfnd_EH25013010584,refund,134000,INR,pay_EH25012800112,1738248540,,rcpt_12800112,processed,normal,normal,UTR25013000010584,,
rfnd_EH25011110587,refund,188000,INR,pay_EH25010300115,1736606160,,rcpt_10300115,processed,normal,normal,UTR25011100010587,,
rfnd_EH25011810593,refund,403000,INR,pay_EH25011200121,1737210060,,rcpt_11200121,processed,normal,normal,UTR25011800010593,,
rfnd_EH25020210608,refund,71000,INR,pay_EH25012800136,1738505040,,rcpt_12800136,processed,normal,normal,UTR25020200010608,,
rfnd_EH25012510611,refund,124000,INR,pay_EH25012100139,1737815700,,rcpt_12100139,processed,normal,normal,UTR25012500010611,,
rfnd_EH25012810620,refund,94000,INR,pay_EH25012400148,1738074420,,rcpt_12400148,processed,normal,normal,UTR25012800010620,,
rfnd_EH25020810623,refund,408000,INR,pay_EH25012700151,1739025480,,rcpt_12700151,processed,normal,normal,UTR25020800010623,,
rfnd_EH25020410628,refund,289000,INR,pay_EH25012300156,1738677840,,rcpt_12300156,processed,normal,normal,UTR25020400010628,,
rfnd_EH25011210635,refund,95000,INR,pay_EH25010800163,1736691660,,rcpt_10800163,processed,normal,normal,UTR25011200010635,,
rfnd_EH25012110636,refund,1093000,INR,pay_EH25010900164,1737468120,,rcpt_10900164,processed,normal,normal,UTR25012100010636,,
rfnd_EH25013010642,refund,1250000,INR,pay_EH25012800170,1738249140,,rcpt_12800170,processed,normal,normal,UTR25013000010642,,
rfnd_EH25012010645,refund,183000,INR,pay_EH25011200173,1737382800,,rcpt_11200173,processed,normal,normal,UTR25012000010645,,
rfnd_EH25011010660,refund,54000,INR,pay_EH25010700188,1736519640,,rcpt_10700188,processed,normal,normal,UTR25011000010660,,
rfnd_EH25010910676,refund,238000,INR,pay_EH25010500205,1736431740,,rcpt_10500205,processed,normal,normal,UTR25010900010676,,
rfnd_EH25011710681,refund,345000,INR,pay_EH25011600210,1737122520,,rcpt_11600210,processed,normal,normal,UTR25011700010681,,
rfnd_EH25020110728,refund,584000,INR,pay_EH25012300258,1738419960,,rcpt_12300258,processed,normal,normal,UTR25020100010728,,
rfnd_EH25012110745,refund,6353000,INR,pay_EH25011100275,1737469380,,rcpt_11100275,processed,normal,normal,UTR25012100010745,,
rfnd_EH25012910746,refund,517000,INR,pay_EH25012300276,1738159380,,rcpt_12300276,processed,normal,normal,UTR25012900010746,,
rfnd_EH25011410776,refund,443000,INR,pay_EH25011100308,1736864640,,rcpt_11100308,processed,normal,normal,UTR25011400010776,,
rfnd_EH25011810799,refund,296000,INR,pay_EH25011600332,1737210480,,rcpt_11600332,processed,normal,normal,UTR25011800010799,,
rfnd_EH25011610808,refund,413000,INR,pay_EH25010400341,1737038040,,rcpt_10400341,processed,normal,normal,UTR25011600010808,,
rfnd_EH25010510856,refund,82000,INR,pay_EH25010300389,1736086980,,rcpt_10300389,processed,normal,normal,UTR25010500010856,,
rfnd_EH25020210866,refund,203000,INR,pay_EH25012800399,1738506420,,rcpt_12800399,processed,normal,normal,UTR25020200010866,,
rfnd_EH25011010885,refund,171000,INR,pay_EH25010800419,1736519580,,rcpt_10800419,processed,normal,normal,UTR25011000010885,,
rfnd_EH25020210895,refund,2100000,INR,pay_EH25013100429,1738505160,,rcpt_13100429,processed,normal,normal,UTR25020200010895,,
rfnd_EH25013010910,refund,167000,INR,pay_EH25012900444,1738245660,,rcpt_12900444,processed,normal,normal,UTR25013000010910,,
rfnd_EH25020810970,refund,506000,INR,pay_EH25012800504,1739023200,,rcpt_12800504,processed,normal,normal,UTR25020800010970,,
rfnd_EH25020310971,refund,85000,INR,pay_EH25012500505,1738591740,,rcpt_12500505,processed,normal,normal,UTR25020300010971,,
rfnd_EH25012311013,refund,450000,INR,pay_EH25011600547,1737644220,,rcpt_11600547,processed,normal,normal,UTR25012300011013,,
rfnd_EH25012411024,refund,100000,INR,pay_EH25011300558,1737728280,,rcpt_11300558,processed,normal,normal,UTR25012400011024,,
rfnd_EH25011011054,refund,628000,INR,pay_EH25010400588,1736519700,,rcpt_10400588,processed,normal,normal,UTR25011000011054,,
rfnd_EH25012511057,refund,120000,INR,pay_EH25012300591,1737814200,,rcpt_12300591,processed,normal,normal,UTR25012500011057,,
rfnd_EH25010711058,refund,692000,INR,pay_EH25010500592,1736259120,,rcpt_10500592,processed,normal,normal,UTR25010700011058,,
rfnd_EH25011511105,refund,770000,INR,pay_EH25010600639,1736949660,,rcpt_10600639,processed,normal,normal,UTR25011500011105,,
rfnd_EH25011611108,refund,347000,INR,pay_EH25010900642,1737039240,,rcpt_10900642,processed,normal,normal,UTR25011600011108,,
rfnd_EH25010911110,refund,406000,INR,pay_EH25010200644,1736432520,,rcpt_10200644,processed,normal,normal,UTR25010900011110,,
rfnd_EH25011011111,refund,87000,INR,pay_EH25010500645,1736518920,,rcpt_10500645,processed,normal,normal,UTR25011000011111,,
rfnd_EH25012911143,refund,843000,INR,pay_EH25011700677,1738160460,,rcpt_11700677,processed,normal,normal,UTR25012900011143,,
rfnd_EH25012911183,refund,431000,INR,pay_EH25012800717,1738159500,,rcpt_12800717,processed,normal,normal,UTR25012900011183,,
rfnd_EH25012611202,refund,71000,INR,pay_EH25011600736,1737903060,,rcpt_11600736,processed,normal,normal,UTR25012600011202,,
rfnd_EH25012611208,refund,587000,INR,pay_EH25012200742,1737903540,,rcpt_12200742,processed,normal,normal,UTR25012600011208,,
rfnd_EH25020411239,refund,1056000,INR,pay_EH25013100773,1738679280,,rcpt_13100773,processed,normal,normal,UTR25020400011239,,
rfnd_EH25012711268,refund,452000,INR,pay_EH25011800802,1737988200,,rcpt_11800802,processed,normal,normal,UTR25012700011268,,
rfnd_EH25021011274,refund,565000,INR,pay_EH25013000809,1739197500,,rcpt_13000809,processed,normal,normal,UTR25021000011274,,
rfnd_EH25012411279,refund,972000,INR,pay_EH25011600814,1737727560,,rcpt_11600814,processed,normal,normal,UTR25012400011279,,
rfnd_EH25011011281,refund,131000,INR,pay_EH25010800816,1736520900,,rcpt_10800816,processed,normal,normal,UTR25011000011281,,
rfnd_EH25011411311,refund,803000,INR,pay_EH25011200846,1736864040,,rcpt_11200846,processed,normal,normal,UTR25011400011311,,
rfnd_EH25020211313,refund,653000,INR,pay_EH25012300848,1738505460,,rcpt_12300848,processed,normal,normal,UTR25020200011313,,
rfnd_EH25012211324,refund,41000,INR,pay_EH25011300859,1737557460,,rcpt_11300859,processed,normal,normal,UTR25012200011324,,
rfnd_EH25020611328,refund,706000,INR,pay_EH25012900864,1738851300,,rcpt_12900864,processed,normal,normal,UTR25020600011328,,
rfnd_EH25010911342,refund,284000,INR,pay_EH25010400878,1736431560,,rcpt_10400878,processed,normal,normal,UTR25010900011342,,
rfnd_EH25011111356,refund,130000,INR,pay_EH25010900892,1736605680,,rcpt_10900892,processed,normal,normal,UTR25011100011356,,
rfnd_EH25012011357,refund,165000,INR,pay_EH25011000893,1737383280,,rcpt_11000893,processed,normal,normal,UTR25012000011357,,
rfnd_EH25011711382,refund,234000,INR,pay_EH25010900918,1737124500,,rcpt_10900918,processed,normal,normal,UTR25011700011382,,
rfnd_EH25013011385,refund,216000,INR,pay_EH25012200921,1738248480,,rcpt_12200921,processed,normal,normal,UTR25013000011385,,
rfnd_EH25012211388,refund,1696000,INR,pay_EH25011400924,1737554820,,rcpt_11400924,processed,normal,normal,UTR25012200011388,,
rfnd_EH25011511394,refund,977000,INR,pay_EH25011200930,1736951520,,rcpt_11200930,processed,normal,normal,UTR25011500011394,,
rfnd_EH25011611395,refund,227000,INR,pay_EH25011300931,1737037560,,rcpt_11300931,processed,normal,normal,UTR25011600011395,,
rfnd_EH25021411473,refund,427000,INR,pay_EH25020400063,1739541660,,rcpt_20400063,processed,normal,normal,UTR25021400011473,,
rfnd_EH25022211480,refund,139000,INR,pay_EH25021500071,1740236220,,rcpt_21500071,processed,normal,normal,UTR25022200011480,,
rfnd_EH25022411486,refund,441000,INR,pay_EH25021500077,1740406380,,rcpt_21500077,processed,normal,normal,UTR25022400011486,,
rfnd_EH25022011489,refund,654000,INR,pay_EH25021700080,1740062100,,rcpt_21700080,processed,normal,normal,UTR25022000011489,,
rfnd_EH25021211526,refund,560000,INR,pay_EH25020400117,1739371920,,rcpt_20400117,processed,normal,normal,UTR25021200011526,,
rfnd_EH25022411528,refund,1138000,INR,pay_EH25021500119,1740407040,,rcpt_21500119,processed,normal,normal,UTR25022400011528,,
rfnd_EH25021611542,refund,30000,INR,pay_EH25021300133,1739715060,,rcpt_21300133,processed,normal,normal,UTR25021600011542,,
rfnd_EH25020311565,refund,83000,INR,pay_EH25020100156,1738591380,,rcpt_20100156,processed,normal,normal,UTR25020300011565,,
rfnd_EH25030311579,refund,364000,INR,pay_EH25022000170,1741012260,,rcpt_22000170,processed,normal,normal,UTR25030300011579,,
rfnd_EH25021411602,refund,92000,INR,pay_EH25020300193,1739543400,,rcpt_20300193,processed,normal,normal,UTR25021400011602,,
rfnd_EH25030311623,refund,184000,INR,pay_EH25022700214,1741011360,,rcpt_22700214,processed,normal,normal,UTR25030300011623,,
rfnd_EH25022111648,refund,133000,INR,pay_EH25021100239,1740148320,,rcpt_21100239,processed,normal,normal,UTR25022100011648,,
rfnd_EH25030611656,refund,469000,INR,pay_EH25022600247,1741269600,,rcpt_22600247,processed,normal,normal,UTR25030600011656,,
rfnd_EH25031111657,refund,398000,INR,pay_EH25022700248,1741703400,,rcpt_22700248,processed,normal,normal,UTR25031100011657,,
rfnd_EH25022011708,refund,325000,INR,pay_EH25021800299,1740061860,,rcpt_21800299,processed,normal,normal,UTR25022000011708,,
rfnd_EH25022411723,refund,171000,INR,pay_EH25021300314,1740406800,,rcpt_21300314,processed,normal,normal,UTR25022400011723,,
rfnd_EH25022811750,refund,751000,INR,pay_EH25021600341,1740754560,,rcpt_21600341,processed,normal,normal,UTR25022800011750,,
rfnd_EH25021211759,refund,393000,INR,pay_EH25021000350,1739368920,,rcpt_21000350,processed,normal,normal,UTR25021200011759,,
rfnd_EH25021311772,refund,142000,INR,pay_EH25020600363,1739458380,,rcpt_20600363,processed,normal,normal,UTR25021300011772,,
rfnd_EH25020711778,refund,82000,INR,pay_EH25020100369,1738939200,,rcpt_20100369,processed,normal,normal,UTR25020700011778,,
rfnd_EH25022611793,refund,294000,INR,pay_EH25022100384,1740581760,,rcpt_22100384,processed,normal,normal,UTR25022600011793,,
rfnd_EH25022711813,refund,258000,INR,pay_EH25021900404,1740665700,,rcpt_21900404,processed,normal,normal,UTR25022700011813,,
rfnd_EH25022611819,refund,134000,INR,pay_EH25022400410,1740581280,,rcpt_22400410,processed,normal,normal,UTR25022600011819,,
rfnd_EH25022111826,refund,450000,INR,pay_EH25021600417,1740149820,,rcpt_21600417,processed,normal,normal,UTR25022100011826,,
rfnd_EH25021211844,refund,64000,INR,pay_EH25020400435,1739370660,,rcpt_20400435,processed,normal,normal,UTR25021200011844,,
rfnd_EH25022711846,refund,980000,INR,pay_EH25022600437,1740666420,,rcpt_22600437,processed,normal,normal,UTR25022700011846,,
rfnd_EH25022011869,refund,485000,INR,pay_EH25020800460,1740061860,,rcpt_20800460,processed,normal,normal,UTR25022000011869,,
rfnd_EH25021511887,refund,485000,INR,pay_EH25021000478,1739631240,,rcpt_21000478,processed,normal,normal,UTR25021500011887,,
rfnd_EH25022011902,refund,238000,INR,pay_EH25020800494,1740061740,,rcpt_20800494,processed,normal,normal,UTR25022000011902,,
rfnd_EH25022511938,refund,155000,INR,pay_EH25022400530,1740492120,,rcpt_22400530,processed,normal,normal,UTR25022500011938,,
rfnd_EH25022511968,refund,52000,INR,pay_EH25021700560,1740493440,,rcpt_21700560,processed,normal,normal,UTR25022500011968,,
rfnd_EH25022211976,refund,312000,INR,pay_EH25021100568,1740236280,,rcpt_21100568,processed,normal,normal,UTR25022200011976,,
rfnd_EH25030211981,refund,120000,INR,pay_EH25022400573,1740926820,,rcpt_22400573,processed,normal,normal,UTR25030200011981,,
rfnd_EH25022311993,refund,996000,INR,pay_EH25021400585,1740319800,,rcpt_21400585,processed,normal,normal,UTR25022300011993,,
rfnd_EH25021812001,refund,280000,INR,pay_EH25020800593,1739887380,,rcpt_20800593,processed,normal,normal,UTR25021800012001,,
rfnd_EH25030412006,refund,1521000,INR,pay_EH25022200598,1741098720,,rcpt_22200598,processed,normal,normal,UTR25030400012006,,
rfnd_EH25020912009,refund,599000,INR,pay_EH25020300601,1739109780,,rcpt_20300601,processed,normal,normal,UTR25020900012009,,
rfnd_EH25021612013,refund,92000,INR,pay_EH25021000605,1739714460,,rcpt_21000605,processed,normal,normal,UTR25021600012013,,
rfnd_EH25031012027,refund,625000,INR,pay_EH25022800619,1741617480,,rcpt_22800619,processed,normal,normal,UTR25031000012027,,
rfnd_EH25021712056,refund,538000,INR,pay_EH25021600648,1739803440,,rcpt_21600648,processed,normal,normal,UTR25021700012056,,
rfnd_EH25022812062,refund,116000,INR,pay_EH25022300654,1740752160,,rcpt_22300654,processed,normal,normal,UTR25022800012062,,
rfnd_EH25030812072,refund,244000,INR,pay_EH25022600664,1741445160,,rcpt_22600664,processed,normal,normal,UTR25030800012072,,
rfnd_EH25030512100,refund,161000,INR,pay_EH25022400692,1741183380,,rcpt_22400692,processed,normal,normal,UTR25030500012100,,
rfnd_EH25030712104,refund,55000,INR,pay_EH25022800696,1741358220,,rcpt_22800696,processed,normal,normal,UTR25030700012104,,
rfnd_EH25021212110,refund,493000,INR,pay_EH25020500702,1739371260,,rcpt_20500702,processed,normal,normal,UTR25021200012110,,
rfnd_EH25022812119,refund,269000,INR,pay_EH25021800711,1740751440,,rcpt_21800711,processed,normal,normal,UTR25022800012119,,
rfnd_EH25030112121,refund,6686000,INR,pay_EH25022700713,1740840540,,rcpt_22700713,processed,normal,normal,UTR25030100012121,,
rfnd_EH25022412146,refund,229000,INR,pay_EH25021200738,1740405840,,rcpt_21200738,processed,normal,normal,UTR25022400012146,,
rfnd_EH25021412149,refund,507000,INR,pay_EH25020200741,1739542920,,rcpt_20200741,processed,normal,normal,UTR25021400012149,,
rfnd_EH25020812155,refund,1420000,INR,pay_EH25020300747,1739025720,,rcpt_20300747,pending,normal,normal,UTR25020800012155,,
rfnd_EH25022612156,refund,1117000,INR,pay_EH25022400748,1740579420,,rcpt_22400748,processed,normal,normal,UTR25022600012156,,
rfnd_EH25022712167,refund,526000,INR,pay_EH25021800759,1740666480,,rcpt_21800759,processed,normal,normal,UTR25022700012167,,
rfnd_EH25021412185,refund,63000,INR,pay_EH25021100777,1739543640,,rcpt_21100777,processed,normal,normal,UTR25021400012185,,
rfnd_EH25021412230,refund,320000,INR,pay_EH25020700823,1739544540,,rcpt_20700823,processed,normal,normal,UTR25021400012230,,
rfnd_EH25020912250,refund,928000,INR,pay_EH25020800843,1739110440,,rcpt_20800843,processed,normal,normal,UTR25020900012250,,
rfnd_EH25022312261,refund,585000,INR,pay_EH25021800854,1740321420,,rcpt_21800854,processed,normal,normal,UTR25022300012261,,
rfnd_EH25021312272,refund,36000,INR,pay_EH25020800865,1739455620,,rcpt_20800865,processed,normal,normal,UTR25021300012272,,
rfnd_EH25022212290,refund,384000,INR,pay_EH25021900884,1740236280,,rcpt_21900884,processed,normal,normal,UTR25022200012290,,
rfnd_EH25022612312,refund,232000,INR,pay_EH25021500906,1740581640,,rcpt_21500906,processed,normal,normal,UTR25022600012312,,
rfnd_EH25031012340,refund,1399000,INR,pay_EH25030200009,1741617600,,rcpt_30200009,processed,normal,normal,UTR25031000012340,,
rfnd_EH25030812350,refund,462000,INR,pay_EH25030200019,1741443360,,rcpt_30200019,processed,normal,normal,UTR25030800012350,,
rfnd_EH25031912358,refund,89000,INR,pay_EH25031200027,1742392800,,rcpt_31200027,processed,normal,normal,UTR25031900012358,,
rfnd_EH25031512367,refund,35000,INR,pay_EH25031300036,1742048520,,rcpt_31300036,processed,normal,normal,UTR25031500012367,,
rfnd_EH25031212400,refund,620000,INR,pay_EH25030600070,1741790040,,rcpt_30600070,processed,normal,normal,UTR25031200012400,,
rfnd_EH25031512433,refund,223000,INR,pay_EH25031300106,1742048280,,rcpt_31300106,processed,normal,normal,UTR25031500012433,,
rfnd_EH25031612437,refund,1060000,INR,pay_EH25030900110,1742135340,,rcpt_30900110,processed,normal,normal,UTR25031600012437,,
rfnd_EH25030912439,refund,236000,INR,pay_EH25030100112,1741531860,,rcpt_30100112,processed,normal,normal,UTR25030900012439,,
rfnd_EH25033112463,refund,1102000,INR,pay_EH25033000137,1743431280,,rcpt_33000137,pending,normal,normal,UTR25033100012463,,
rfnd_EH25032712478,refund,84000,INR,pay_EH25032200152,1743085920,,rcpt_32200152,processed,normal,normal,UTR25032700012478,,
rfnd_EH25032512482,refund,136000,INR,pay_EH25032000156,1742912760,,rcpt_32000156,processed,normal,normal,UTR25032500012482,,
rfnd_EH25040912491,refund,1002000,INR,pay_EH25033000165,1744210140,,rcpt_33000165,processed,normal,normal,UTR25040900012491,,
rfnd_EH25032512499,refund,3660000,INR,pay_EH25031800173,1742912400,,rcpt_31800173,processed,normal,normal,UTR25032500012499,,
rfnd_EH25031012558,refund,152000,INR,pay_EH25030900233,1741618560,,rcpt_30900233,processed,normal,normal,UTR25031000012558,,
rfnd_EH25031712561,refund,78000,INR,pay_EH25030600236,1742222640,,rcpt_30600236,processed,normal,normal,UTR25031700012561,,
rfnd_EH25032012597,refund,135000,INR,pay_EH25030800272,1742481300,,rcpt_30800272,processed,normal,normal,UTR25032000012597,,
rfnd_EH25040112629,refund,142000,INR,pay_EH25032500305,1743517860,,rcpt_32500305,processed,normal,normal,UTR25040100012629,,
rfnd_EH25030812653,refund,425000,INR,pay_EH25030300329,1741444380,,rcpt_30300329,processed,normal,normal,UTR25030800012653,,
rfnd_EH25032612655,refund,226000,INR,pay_EH25031900331,1743000060,,rcpt_31900331,processed,normal,normal,UTR25032600012655,,
rfnd_EH25041212665,refund,325000,INR,pay_EH25033100341,1744466520,,rcpt_33100341,processed,normal,normal,UTR25041200012665,,
rfnd_EH25032012686,refund,185000,INR,pay_EH25031700362,1742480280,,rcpt_31700362,processed,normal,normal,UTR25032000012686,,
rfnd_EH25032612709,refund,80000,INR,pay_EH25032400385,1742999400,,rcpt_32400385,processed,normal,normal,UTR25032600012709,,
rfnd_EH25030312710,refund,140000,INR,pay_EH25030200386,1741012920,,rcpt_30200386,processed,normal,normal,UTR25030300012710,,
rfnd_EH25030912736,refund,840000,INR,pay_EH25030600412,1741530420,,rcpt_30600412,processed,normal,normal,UTR25030900012736,,
rfnd_EH25040612748,refund,218000,INR,pay_EH25033100424,1743948780,,rcpt_33100424,processed,normal,normal,UTR25040600012748,,
rfnd_EH25032112759,refund,376000,INR,pay_EH25031900435,1742568180,,rcpt_31900435,processed,normal,normal,UTR25032100012759,,
rfnd_EH25032512769,refund,191000,INR,pay_EH25032000445,1742912040,,rcpt_32000445,processed,normal,normal,UTR25032500012769,,
rfnd_EH25030712796,refund,655000,INR,pay_EH25030200472,1741356300,,rcpt_30200472,processed,normal,normal,UTR25030700012796,,
rfnd_EH25040712797,refund,543000,INR,pay_EH25032800473,1744035060,,rcpt_32800473,processed,normal,normal,UTR25040700012797,,
rfnd_EH25032312799,refund,182000,INR,pay_EH25032000475,1742739720,,rcpt_32000475,processed,normal,normal,UTR25032300012799,,
rfnd_EH25031212800,refund,436000,INR,pay_EH25030900476,1741791480,,rcpt_30900476,processed,normal,normal,UTR25031200012800,,
rfnd_EH25030712817,refund,620000,INR,pay_EH25030300493,1741359540,,rcpt_30300493,processed,normal,normal,UTR25030700012817,,
rfnd_EH25040312844,refund,1060000,INR,pay_EH25032800520,1743690120,,rcpt_32800520,processed,normal,normal,UTR25040300012844,,
rfnd_EH25031312907,refund,146000,INR,pay_EH25031100583,1741875900,,rcpt_31100583,processed,normal,normal,UTR25031300012907,,
rfnd_EH25032012912,refund,350000,INR,pay_EH25030900588,1742479560,,rcpt_30900588,processed,normal,normal,UTR25032000012912,,
rfnd_EH25031012914,refund,195000,INR,pay_EH25030200590,1741615440,,rcpt_30200590,processed,normal,normal,UTR25031000012914,,
rfnd_EH25031112916,refund,128000,INR,pay_EH25030900592,1741702740,,rcpt_30900592,processed,normal,normal,UTR25031100012916,,
rfnd_EH25041012990,refund,503000,INR,pay_EH25033100666,1744296180,,rcpt_33100666,processed,normal,normal,UTR25041000012990,,
rfnd_EH25031112994,refund,550000,INR,pay_EH25030100670,1741704120,,rcpt_30100670,processed,normal,normal,UTR25031100012994,,
rfnd_EH25032913027,refund,109000,INR,pay_EH25032700703,1743258360,,rcpt_32700703,processed,normal,normal,UTR25032900013027,,
rfnd_EH25032213039,refund,71000,INR,pay_EH25031400715,1742652180,,rcpt_31400715,processed,normal,normal,UTR25032200013039,,
rfnd_EH25032313052,refund,133000,INR,pay_EH25031900728,1742741100,,rcpt_31900728,processed,normal,normal,UTR25032300013052,,
rfnd_EH25040613066,refund,2025000,INR,pay_EH25032700742,1743948360,,rcpt_32700742,processed,normal,normal,UTR25040600013066,,
rfnd_EH25032413084,refund,119000,INR,pay_EH25031400760,1742826060,,rcpt_31400760,processed,normal,normal,UTR25032400013084,,
rfnd_EH25040213110,refund,858000,INR,pay_EH25032700786,1743604260,,rcpt_32700786,processed,normal,normal,UTR25040200013110,,
rfnd_EH25030213130,refund,340000,INR,pay_EH25030100806,1740924120,,rcpt_30100806,processed,normal,normal,UTR25030200013130,,
rfnd_EH25031313131,refund,1176000,INR,pay_EH25030900807,1741876740,,rcpt_30900807,processed,normal,normal,UTR25031300013131,,
rfnd_EH25032213134,refund,193000,INR,pay_EH25031400810,1742653920,,rcpt_31400810,processed,normal,normal,UTR25032200013134,,
rfnd_EH25032113135,refund,748000,INR,pay_EH25031200811,1742569020,,rcpt_31200811,processed,normal,normal,UTR25032100013135,,
rfnd_EH25032013183,refund,181000,INR,pay_EH25031500859,1742480280,,rcpt_31500859,processed,normal,normal,UTR25032000013183,,
rfnd_EH25040313206,refund,223000,INR,pay_EH25032400882,1743689940,,rcpt_32400882,processed,normal,normal,UTR25040300013206,,
rfnd_EH25031613237,refund,3765000,INR,pay_EH25030600913,1742134320,,rcpt_30600913,processed,normal,normal,UTR25031600013237,,
rfnd_EH25030713282,refund,85000,INR,pay_EH25030400958,1741356360,,rcpt_30400958,pending,normal,normal,UTR25030700013282,,
rfnd_EH25031513288,refund,159000,INR,pay_EH25030600964,1742050320,,rcpt_30600964,processed,normal,normal,UTR25031500013288,,
rfnd_EH25030913303,refund,260000,INR,pay_EH25030400979,1741530900,,rcpt_30400979,processed,normal,normal,UTR25030900013303,,
rfnd_EH25032513315,refund,395000,INR,pay_EH25032000991,1742911380,,rcpt_32000991,processed,normal,normal,UTR25032500013315,,
rfnd_EH25040413320,refund,219000,INR,pay_EH25032500996,1743777240,,rcpt_32500996,processed,normal,normal,UTR25040400013320,,
rfnd_EH25032813331,refund,31000,INR,pay_EH25032101007,1743172500,,rcpt_32101007,processed,normal,normal,UTR25032800013331,,
rfnd_EH25041513334,refund,395000,INR,pay_EH25040800002,1744725960,,rcpt_40800002,processed,normal,normal,UTR25041500013334,,
rfnd_EH25050213347,refund,458000,INR,pay_EH25042300015,1746197460,,rcpt_42300015,processed,normal,normal,UTR25050200013347,,
rfnd_EH25050313349,refund,423000,INR,pay_EH25042500017,1746280920,,rcpt_42500017,processed,normal,normal,UTR25050300013349,,
rfnd_EH25043013405,refund,887000,INR,pay_EH25042100073,1746024120,,rcpt_42100073,processed,normal,normal,UTR25043000013405,,
rfnd_EH25041813414,refund,415000,INR,pay_EH25041300082,1744987860,,rcpt_41300082,processed,normal,normal,UTR25041800013414,,
rfnd_EH25041213464,refund,92000,INR,pay_EH25040800132,1744468800,,rcpt_40800132,processed,normal,normal,UTR25041200013464,,
rfnd_EH25042313465,refund,74000,INR,pay_EH25042100133,1745420220,,rcpt_42100133,processed,normal,normal,UTR25042300013465,,
rfnd_EH25041413548,refund,36000,INR,pay_EH25040400216,1744641420,,rcpt_40400216,processed,normal,normal,UTR25041400013548,,
rfnd_EH25041313567,refund,336000,INR,pay_EH25040900235,1744553400,,rcpt_40900235,processed,normal,normal,UTR25041300013567,,
rfnd_EH25042513585,refund,130000,INR,pay_EH25042400253,1745590260,,rcpt_42400253,processed,normal,normal,UTR25042500013585,,
rfnd_EH25042313612,refund,558000,INR,pay_EH25041300280,1745418180,,rcpt_41300280,processed,normal,normal,UTR25042300013612,,
rfnd_EH25043013619,refund,68000,INR,pay_EH25042600287,1746023220,,rcpt_42600287,processed,normal,normal,UTR25043000013619,,
rfnd_EH25042613649,refund,789000,INR,pay_EH25041600317,1745678340,,rcpt_41600317,processed,normal,normal,UTR25042600013649,,
rfnd_EH25041913714,refund,253000,INR,pay_EH25040900383,1745072160,,rcpt_40900383,processed,normal,normal,UTR25041900013714,,
rfnd_EH25042713723,refund,1079000,INR,pay_EH25041700392,1745763000,,rcpt_41700392,processed,normal,normal,UTR25042700013723,,
rfnd_EH25041813733,refund,78000,INR,pay_EH25041600402,1744984800,,rcpt_41600402,processed,normal,normal,UTR25041800013733,,
rfnd_EH25040913740,refund,292000,INR,pay_EH25040100409,1744209060,,rcpt_40100409,processed,normal,normal,UTR25040900013740,,
rfnd_EH25041313741,refund,178000,INR,pay_EH25040600410,1744554720,,rcpt_40600410,processed,normal,normal,UTR25041300013741,,
rfnd_EH25041813754,refund,7460000,INR,pay_EH25040700423,1744985760,,rcpt_40700423,processed,normal,normal,UTR25041800013754,,
rfnd_EH25041613758,refund,131000,INR,pay_EH25040800427,1744813740,,rcpt_40800427,processed,normal,normal,UTR25041600013758,,
rfnd_EH25042713774,refund,76000,INR,pay_EH25042600443,1745764380,,rcpt_42600443,processed,normal,normal,UTR25042700013774,,
rfnd_EH25050113775,refund,294000,INR,pay_EH25041900444,1746111540,,rcpt_41900444,processed,normal,normal,UTR25050100013775,,
rfnd_EH25042913783,refund,215000,INR,pay_EH25042700452,1745936700,,rcpt_42700452,processed,normal,normal,UTR25042900013783,,
rfnd_EH25042413789,refund,37000,INR,pay_EH25041700458,1745503980,,rcpt_41700458,processed,normal,normal,UTR25042400013789,,
rfnd_EH25042913807,refund,350000,INR,pay_EH25042400476,1745935560,,rcpt_42400476,processed,normal,normal,UTR25042900013807,,
rfnd_EH25042713811,refund,34000,INR,pay_EH25042200481,1745762880,,rcpt_42200481,processed,normal,normal,UTR25042700013811,,
rfnd_EH25042013816,refund,4567000,INR,pay_EH25041600486,1745157720,,rcpt_41600486,processed,normal,normal,UTR25042000013816,,
rfnd_EH25042013818,refund,4513000,INR,pay_EH25041500488,1745157780,,rcpt_41500488,processed,normal,normal,UTR25042000013818,,
rfnd_EH25040613867,refund,608000,INR,pay_EH25040300537,1743949440,,rcpt_40300537,processed,normal,normal,UTR25040600013867,,
rfnd_EH25041013871,refund,2057000,INR,pay_EH25040700541,1744294260,,rcpt_40700541,processed,normal,normal,UTR25041000013871,,
rfnd_EH25041213894,refund,90000,INR,pay_EH25040600565,1744466520,,rcpt_40600565,processed,normal,normal,UTR25041200013894,,
rfnd_EH25042013897,refund,440000,INR,pay_EH25041600568,1745157660,,rcpt_41600568,processed,normal,normal,UTR25042000013897,,
rfnd_EH25041913912,refund,171000,INR,pay_EH25041300584,1745073300,,rcpt_41300584,processed,normal,normal,UTR25041900013912,,
rfnd_EH25042613920,refund,92000,INR,pay_EH25042400592,1745676240,,rcpt_42400592,processed,normal,normal,UTR25042600013920,,
rfnd_EH25050313946,refund,352000,INR,pay_EH25042200618,1746282300,,rcpt_42200618,processed,normal,normal,UTR25050300013946,,
rfnd_EH25042913956,refund,257000,INR,pay_EH25042300628,1745938500,,rcpt_42300628,processed,normal,normal,UTR25042900013956,,
rfnd_EH25041613962,refund,1111000,INR,pay_EH25041300634,1744813500,,rcpt_41300634,processed,normal,normal,UTR25041600013962,,
rfnd_EH25040813976,refund,79000,INR,pay_EH25040400648,1744121880,,rcpt_40400648,processed,normal,normal,UTR25040800013976,,
rfnd_EH25050214003,refund,492000,INR,pay_EH25042500675,1746197820,,rcpt_42500675,processed,normal,normal,UTR25050200014003,,
rfnd_EH25041514032,refund,32000,INR,pay_EH25040700704,1744725960,,rcpt_40700704,processed,normal,normal,UTR25041500014032,,
rfnd_EH25041714044,refund,337000,INR,pay_EH25040700716,1744899120,,rcpt_40700716,processed,normal,normal,UTR25041700014044,,
rfnd_EH25040714067,refund,157000,INR,pay_EH25040300739,1744037280,,rcpt_40300739,processed,normal,normal,UTR25040700014067,,
rfnd_EH25042414112,refund,109000,INR,pay_EH25041800784,1745504580,,rcpt_41800784,processed,normal,normal,UTR25042400014112,,
rfnd_EH25041814119,refund,1138000,INR,pay_EH25041200791,1744986240,,rcpt_41200791,processed,normal,normal,UTR25041800014119,,
rfnd_EH25050914144,refund,167000,INR,pay_EH25043000816,1746802620,,rcpt_43000816,processed,normal,normal,UTR25050900014144,,
rfnd_EH25050214161,refund,242000,INR,pay_EH25042200833,1746195840,,rcpt_42200833,processed,normal,normal,UTR25050200014161,,
rfnd_EH25041714177,refund,189000,INR,pay_EH25041100849,1744899840,,rcpt_41100849,processed,normal,normal,UTR25041700014177,,
rfnd_EH25040314182,refund,148000,INR,pay_EH25040100854,1743689340,,rcpt_40100854,processed,normal,normal,UTR25040300014182,,
rfnd_EH25041414187,refund,163000,INR,pay_EH25041200859,1744640340,,rcpt_41200859,processed,normal,normal,UTR25041400014187,,
rfnd_EH25040414216,refund,90000,INR,pay_EH25040300888,1743776640,,rcpt_40300888,processed,normal,normal,UTR25040400014216,,
rfnd_EH25040414248,refund,326000,INR,pay_EH25040200920,1743775560,,rcpt_40200920,processed,normal,normal,UTR25040400014248,,
rfnd_EH25042314290,refund,276000,INR,pay_EH25041400963,1745416920,,rcpt_41400963,processed,normal,normal,UTR25042300014290,,
rfnd_EH25041414308,refund,292000,INR,pay_EH25040300981,1744641060,,rcpt_40300981,processed,normal,normal,UTR25041400014308,,
rfnd_EH25042314325,refund,398000,INR,pay_EH25042100998,1745417340,,rcpt_42100998,processed,normal,normal,UTR25042300014325,,
rfnd_EH25042414326,refund,137000,INR,pay_EH25041300999,1745506320,,rcpt_41300999,processed,normal,normal,UTR25042400014326,,
rfnd_EH25050514338,refund,331000,INR,pay_EH25042901011,1746454320,,rcpt_42901011,processed,normal,normal,UTR25050500014338,,
rfnd_EH25042414347,refund,816000,INR,pay_EH25042301021,1745504100,,rcpt_42301021,processed,normal,normal,UTR25042400014347,,
rfnd_EH25051014372,refund,44000,INR,pay_EH25050800022,1746888420,,rcpt_50800022,processed,normal,normal,UTR25051000014372,,
rfnd_EH25052714374,refund,205000,INR,pay_EH25052600024,1748354700,,rcpt_52600024,processed,normal,normal,UTR25052700014374,,
rfnd_EH25050714383,refund,152000,INR,pay_EH25050400033,1746627720,,rcpt_50400033,processed,normal,normal,UTR25050700014383,,
rfnd_EH25060414388,refund,558000,INR,pay_EH25052300038,1749047280,,rcpt_52300038,processed,normal,normal,UTR25060400014388,,
rfnd_EH25051914419,refund,66000,INR,pay_EH25051400069,1747664700,,rcpt_51400069,processed,normal,normal,UTR25051900014419,,
rfnd_EH25060814456,refund,121000,INR,pay_EH25053100107,1749393660,,rcpt_53100107,processed,normal,normal,UTR25060800014456,,
rfnd_EH25052714471,refund,275000,INR,pay_EH25052400122,1748355780,,rcpt_52400122,processed,normal,normal,UTR25052700014471,,
rfnd_EH25051314505,refund,386000,INR,pay_EH25050900156,1747146420,,rcpt_50900156,processed,normal,normal,UTR25051300014505,,
rfnd_EH25053014508,refund,278000,INR,pay_EH25052000159,1748616180,,rcpt_52000159,processed,normal,normal,UTR25053000014508,,
rfnd_EH25051914522,refund,225000,INR,pay_EH25051000173,1747665960,,rcpt_51000173,processed,normal,normal,UTR25051900014522,,
rfnd_EH25051614544,refund,633000,INR,pay_EH25050900196,1747406940,,rcpt_50900196,processed,normal,normal,UTR25051600014544,,
rfnd_EH25051214546,refund,970000,INR,pay_EH25050400198,1747059900,,rcpt_50400198,processed,normal,normal,UTR25051200014546,,
rfnd_EH25060714552,refund,872000,INR,pay_EH25052700204,1749307260,,rcpt_52700204,processed,normal,normal,UTR25060700014552,,
rfnd_EH25051214563,refund,331000,INR,pay_EH25051100215,1747059360,,rcpt_51100215,processed,normal,normal,UTR25051200014563,,
rfnd_EH25051514575,refund,754000,INR,pay_EH25050700227,1747319220,,rcpt_50700227,processed,normal,normal,UTR25051500014575,,
rfnd_EH25060614582,refund,380000,INR,pay_EH25052900234,1749221640,,rcpt_52900234,processed,normal,normal,UTR25060600014582,,
rfnd_EH25052214588,refund,38000,INR,pay_EH25052000240,1747925640,,rcpt_52000240,processed,normal,normal,UTR25052200014588,,
rfnd_EH25051814608,refund,361000,INR,pay_EH25051600261,1747579440,,rcpt_51600261,processed,normal,normal,UTR25051800014608,,
rfnd_EH25051414622,refund,591000,INR,pay_EH25051100275,1747231200,,rcpt_51100275,processed,normal,normal,UTR25051400014622,,
rfnd_EH25060214634,refund,773000,INR,pay_EH25052600287,1748875020,,rcpt_52600287,processed,normal,normal,UTR25060200014634,,
rfnd_EH25051014650,refund,329000,INR,pay_EH25050700304,1746888900,,rcpt_50700304,processed,normal,normal,UTR25051000014650,,
rfnd_EH25051214671,refund,172000,INR,pay_EH25050500325,1747059900,,rcpt_50500325,processed,normal,normal,UTR25051200014671,,
rfnd_EH25060814674,refund,196000,INR,pay_EH25052700328,1749391860,,rcpt_52700328,processed,normal,normal,UTR25060800014674,,
rfnd_EH25052814696,refund,394000,INR,pay_EH25051600350,1748441400,,rcpt_51600350,processed,normal,normal,UTR25052800014696,,
rfnd_EH25060914700,refund,7174000,INR,pay_EH25053100354,1749478260,,rcpt_53100354,processed,normal,normal,UTR25060900014700,,
rfnd_EH25052914713,refund,63000,INR,pay_EH25051900367,1748527980,,rcpt_51900367,processed,normal,normal,UTR25052900014713,,
rfnd_EH25051514729,refund,148000,INR,pay_EH25050600383,1747318860,,rcpt_50600383,processed,normal,normal,UTR25051500014729,,
rfnd_EH25060914730,refund,340000,INR,pay_EH25053000384,1749479100,,rcpt_53000384,processed,normal,normal,UTR25060900014730,,
rfnd_EH25060814778,refund,6384000,INR,pay_EH25052700432,1749394080,,rcpt_52700432,processed,normal,normal,UTR25060800014778,,
rfnd_EH25050414786,refund,201000,INR,pay_EH25050300440,1746368520,,rcpt_50300440,processed,normal,normal,UTR25050400014786,,
rfnd_EH25053114805,refund,54000,INR,pay_EH25051900459,1748700480,,rcpt_51900459,processed,normal,normal,UTR25053100014805,,
rfnd_EH25052514818,refund,314000,INR,pay_EH25052200472,1748182260,,rcpt_52200472,processed,normal,normal,UTR25052500014818,,
rfnd_EH25053014819,refund,193000,INR,pay_EH25052500473,1748616360,,rcpt_52500473,processed,normal,normal,UTR25053000014819,,
rfnd_EH25060414826,refund,1710000,INR,pay_EH25053100480,1749045900,,rcpt_53100480,processed,normal,normal,UTR25060400014826,,
rfnd_EH25050814886,refund,415000,INR,pay_EH25050200541,1746715140,,rcpt_50200541,processed,normal,normal,UTR25050800014886,,
rfnd_EH25051014889,refund,473000,INR,pay_EH25050400544,1746887280,,rcpt_50400544,processed,normal,normal,UTR25051000014889,,
rfnd_EH25052714916,refund,893000,INR,pay_EH25051800571,1748357100,,rcpt_51800571,processed,normal,normal,UTR25052700014916,,
rfnd_EH25051714921,refund,109000,INR,pay_EH25051100576,1747492680,,rcpt_51100576,processed,normal,normal,UTR25051700014921,,
rfnd_EH25053114928,refund,517000,INR,pay_EH25052900583,1748702700,,rcpt_52900583,processed,normal,normal,UTR25053100014928,,
rfnd_EH25052314947,refund,532000,INR,pay_EH25051500602,1748010720,,rcpt_51500602,processed,normal,normal,UTR25052300014947,,
rfnd_EH25050614953,refund,242000,INR,pay_EH25050100608,1746541200,,rcpt_50100608,processed,normal,normal,UTR25050600014953,,
rfnd_EH25053014956,refund,68000,INR,pay_EH25052500611,1748617080,,rcpt_52500611,processed,normal,normal,UTR25053000014956,,
rfnd_EH25053014989,refund,452000,INR,pay_EH25052900644,1748615160,,rcpt_52900644,processed,normal,normal,UTR25053000014989,,
rfnd_EH25050615003,refund,672000,INR,pay_EH25050500658,1746542280,,rcpt_50500658,processed,normal,normal,UTR25050600015003,,
rfnd_EH25051515007,refund,52000,INR,pay_EH25050600662,1747320480,,rcpt_50600662,processed,normal,normal,UTR25051500015007,,
rfnd_EH25060115040,refund,42000,INR,pay_EH25053100695,1748787060,,rcpt_53100695,processed,normal,normal,UTR25060100015040,,
rfnd_EH25052515049,refund,142000,INR,pay_EH25051300704,1748184360,,rcpt_51300704,processed,normal,normal,UTR25052500015049,,
rfnd_EH25061015123,refund,36000,INR,pay_EH25052900779,1749567180,,rcpt_52900779,processed,normal,normal,UTR25061000015123,,
rfnd_EH25051015229,refund,153000,INR,pay_EH25050400887,1746888780,,rcpt_50400887,processed,normal,normal,UTR25051000015229,,
rfnd_EH25052015232,refund,36000,INR,pay_EH25051100890,1747752300,,rcpt_51100890,processed,normal,normal,UTR25052000015232,,
rfnd_EH25060715242,refund,91000,INR,pay_EH25052600901,1749307320,,rcpt_52600901,processed,normal,normal,UTR25060700015242,,
rfnd_EH25052115255,refund,152000,INR,pay_EH25051600914,1747836480,,rcpt_51600914,processed,normal,normal,UTR25052100015255,,
rfnd_EH25060215256,refund,1001000,INR,pay_EH25052100915,1748874360,,rcpt_52100915,processed,normal,normal,UTR25060200015256,,
rfnd_EH25050915263,refund,506000,INR,pay_EH25050200922,1746799800,,rcpt_50200922,processed,normal,normal,UTR25050900015263,,
rfnd_EH25053015264,refund,79000,INR,pay_EH25052100923,1748616660,,rcpt_52100923,processed,normal,normal,UTR25053000015264,,
rfnd_EH25051415267,refund,74000,INR,pay_EH25050200926,1747231500,,rcpt_50200926,processed,normal,normal,UTR25051400015267,,
rfnd_EH25051915273,refund,372000,INR,pay_EH25051500932,1747666080,,rcpt_51500932,processed,normal,normal,UTR25051900015273,,
rfnd_EH25051815274,refund,660000,INR,pay_EH25051500933,1747576800,,rcpt_51500933,processed,normal,normal,UTR25051800015274,,
rfnd_EH25061015293,refund,424000,INR,pay_EH25053100953,1749564480,,rcpt_53100953,processed,normal,normal,UTR25061000015293,,
rfnd_EH25052515308,refund,1415000,INR,pay_EH25051300969,1748181720,,rcpt_51300969,processed,normal,normal,UTR25052500015308,,
rfnd_EH25052215319,refund,102000,INR,pay_EH25051500980,1747924740,,rcpt_51500980,processed,normal,normal,UTR25052200015319,,
rfnd_EH25052315328,refund,353000,INR,pay_EH25051700989,1748008920,,rcpt_51700989,processed,normal,normal,UTR25052300015328,,
rfnd_EH25061615376,refund,482000,INR,pay_EH25060700030,1750084260,,rcpt_60700030,processed,normal,normal,UTR25061600015376,,
rfnd_EH25062615384,refund,667000,INR,pay_EH25061800038,1750947120,,rcpt_61800038,processed,normal,normal,UTR25062600015384,,
rfnd_EH25061715399,refund,227000,INR,pay_EH25061500053,1750171980,,rcpt_61500053,processed,normal,normal,UTR25061700015399,,
rfnd_EH25070115409,refund,62000,INR,pay_EH25063000063,1751378940,,rcpt_63000063,processed,normal,normal,UTR25070100015409,,
rfnd_EH25062415415,refund,224000,INR,pay_EH25061800069,1750773960,,rcpt_61800069,processed,normal,normal,UTR25062400015415,,
rfnd_EH25061915417,refund,390000,INR,pay_EH25061000071,1750345140,,rcpt_61000071,processed,normal,normal,UTR25061900015417,,
rfnd_EH25061415434,refund,395000,INR,pay_EH25060900088,1749910860,,rcpt_60900088,processed,normal,normal,UTR25061400015434,,
rfnd_EH25062515438,refund,202000,INR,pay_EH25061300092,1750860360,,rcpt_61300092,processed,normal,normal,UTR25062500015438,,
rfnd_EH25063015457,refund,45000,INR,pay_EH25062000111,1751293320,,rcpt_62000111,processed,normal,normal,UTR25063000015457,,
rfnd_EH25061615458,refund,247000,INR,pay_EH25061200112,1750084020,,rcpt_61200112,processed,normal,normal,UTR25061600015458,,
rfnd_EH25062115479,refund,560000,INR,pay_EH25061000133,1750516920,,rcpt_61000133,processed,normal,normal,UTR25062100015479,,
rfnd_EH25062515486,refund,298000,INR,pay_EH25062200140,1750863360,,rcpt_62200140,processed,normal,normal,UTR25062500015486,,
rfnd_EH25062315493,refund,332000,INR,pay_EH25061800148,1750688520,,rcpt_61800148,processed,normal,normal,UTR25062300015493,,
rfnd_EH25062315496,refund,142000,INR,pay_EH25061200151,1750688640,,rcpt_61200151,processed,normal,normal,UTR25062300015496,,
rfnd_EH25070415506,refund,1042000,INR,pay_EH25062900161,1751640900,,rcpt_62900161,processed,normal,normal,UTR25070400015506,,
rfnd_EH25061115508,refund,111000,INR,pay_EH25060300163,1749652500,,rcpt_60300163,processed,normal,normal,UTR25061100015508,,
rfnd_EH25061515520,refund,201000,INR,pay_EH25061000175,1749996780,,rcpt_61000175,processed,normal,normal,UTR25061500015520,,
rfnd_EH25061215527,refund,108000,INR,pay_EH25060500182,1749740280,,rcpt_60500182,processed,normal,normal,UTR25061200015527,,
rfnd_EH25070415532,refund,626000,INR,pay_EH25062500187,1751639760,,rcpt_62500187,processed,normal,normal,UTR25070400015532,,
rfnd_EH25071215580,refund,93000,INR,pay_EH25063000237,1752329580,,rcpt_63000237,processed,normal,normal,UTR25071200015580,,
rfnd_EH25062615594,refund,5976000,INR,pay_EH25061500251,1750947900,,rcpt_61500251,processed,normal,normal,UTR25062600015594,,
rfnd_EH25070315598,refund,74000,INR,pay_EH25062700255,1751551320,,rcpt_62700255,processed,normal,normal,UTR25070300015598,,
rfnd_EH25062915616,refund,104000,INR,pay_EH25062300273,1751206320,,rcpt_62300273,processed,normal,normal,UTR25062900015616,,
rfnd_EH25070815642,refund,83000,INR,pay_EH25062700299,1751985060,,rcpt_62700299,processed,normal,normal,UTR25070800015642,,
rfnd_EH25062115648,refund,35000,INR,pay_EH25061600305,1750516080,,rcpt_61600305,processed,normal,normal,UTR25062100015648,,
rfnd_EH25070915649,refund,97000,INR,pay_EH25062800306,1752072780,,rcpt_62800306,processed,normal,normal,UTR25070900015649,,
rfnd_EH25062815667,refund,32000,INR,pay_EH25062100324,1751119380,,rcpt_62100324,processed,normal,normal,UTR25062800015667,,
rfnd_EH25062615676,refund,771000,INR,pay_EH25062200333,1750946580,,rcpt_62200333,processed,normal,normal,UTR25062600015676,,
rfnd_EH25061415686,refund,139000,INR,pay_EH25060900343,1749911700,,rcpt_60900343,processed,normal,normal,UTR25061400015686,,
rfnd_EH25061715693,refund,206000,INR,pay_EH25061000350,1750170240,,rcpt_61000350,processed,normal,normal,UTR25061700015693,,
rfnd_EH25061415742,refund,435000,INR,pay_EH25061100399,1749912660,,rcpt_61100399,processed,normal,normal,UTR25061400015742,,
rfnd_EH25061915769,refund,56000,INR,pay_EH25060900426,1750343340,,rcpt_60900426,processed,normal,normal,UTR25061900015769,,
rfnd_EH25070115774,refund,387000,INR,pay_EH25062000431,1751380380,,rcpt_62000431,processed,normal,normal,UTR25070100015774,,
rfnd_EH25061415785,refund,442000,INR,pay_EH25060600442,1749911940,,rcpt_60600442,processed,normal,normal,UTR25061400015785,,
rfnd_EH25070515806,refund,235000,INR,pay_EH25062800464,1751725920,,rcpt_62800464,processed,normal,normal,UTR25070500015806,,
rfnd_EH25061815814,refund,131000,INR,pay_EH25061100472,1750257780,,rcpt_61100472,processed,normal,normal,UTR25061800015814,,
rfnd_EH25060915834,refund,416000,INR,pay_EH25060200492,1749480780,,rcpt_60200492,processed,normal,normal,UTR25060900015834,,
rfnd_EH25062315839,refund,60000,INR,pay_EH25061100497,1750689180,,rcpt_61100497,processed,normal,normal,UTR25062300015839,,
rfnd_EH25061515845,refund,242000,INR,pay_EH25061200503,1749998820,,rcpt_61200503,processed,normal,normal,UTR25061500015845,,
rfnd_EH25062715859,refund,177000,INR,pay_EH25062500517,1751035980,,rcpt_62500517,processed,normal,normal,UTR25062700015859,,
rfnd_EH25061315870,refund,928000,INR,pay_EH25060800528,1749826020,,rcpt_60800528,processed,normal,normal,UTR25061300015870,,
rfnd_EH25062815874,refund,76000,INR,pay_EH25061900532,1751120280,,rcpt_61900532,processed,normal,normal,UTR25062800015874,,
rfnd_EH25063015901,refund,157000,INR,pay_EH25062300559,1751293740,,rcpt_62300559,processed,normal,normal,UTR25063000015901,,
rfnd_EH25062115910,refund,83000,INR,pay_EH25060900568,1750515900,,rcpt_60900568,processed,normal,normal,UTR25062100015910,,
rfnd_EH25060615941,refund,358000,INR,pay_EH25060300599,1749218460,,rcpt_60300599,processed,normal,normal,UTR25060600015941,,
rfnd_EH25062215942,refund,171000,INR,pay_EH25062100600,1750603440,,rcpt_62100600,processed,normal,normal,UTR25062200015942,,
rfnd_EH25070215952,refund,99000,INR,pay_EH25063000611,1751464800,,rcpt_63000611,processed,normal,normal,UTR25070200015952,,
rfnd_EH25061815978,refund,127000,INR,pay_EH25060800637,1750255980,,rcpt_60800637,processed,normal,normal,UTR25061800015978,,
rfnd_EH25060715988,refund,52000,INR,pay_EH25060600647,1749307500,,rcpt_60600647,processed,normal,normal,UTR25060700015988,,
rfnd_EH25070616006,refund,67000,INR,pay_EH25062600665,1751812680,,rcpt_62600665,processed,normal,normal,UTR25070600016006,,
rfnd_EH25070316013,refund,1290000,INR,pay_EH25062400672,1751553000,,rcpt_62400672,processed,normal,normal,UTR25070300016013,,
rfnd_EH25062116017,refund,6036000,INR,pay_EH25061100676,1750514820,,rcpt_61100676,processed,normal,normal,UTR25062100016017,,
rfnd_EH25062016025,refund,205000,INR,pay_EH25061900684,1750428240,,rcpt_61900684,processed,normal,normal,UTR25062000016025,,
rfnd_EH25062716034,refund,141000,INR,pay_EH25062600693,1751034060,,rcpt_62600693,processed,normal,normal,UTR25062700016034,,
rfnd_EH25070416053,refund,117000,INR,pay_EH25062800712,1751639640,,rcpt_62800712,processed,normal,normal,UTR25070400016053,,
rfnd_EH25062616075,refund,936000,INR,pay_EH25061900734,1750948500,,rcpt_61900734,processed,normal,normal,UTR25062600016075,,
rfnd_EH25062616093,refund,87000,INR,pay_EH25061800752,1750947300,,rcpt_61800752,processed,normal,normal,UTR25062600016093,,
rfnd_EH25062816103,refund,138000,INR,pay_EH25062100762,1751120700,,rcpt_62100762,processed,normal,normal,UTR25062800016103,,
rfnd_EH25070116121,refund,873000,INR,pay_EH25062900780,1751379060,,rcpt_62900780,processed,normal,normal,UTR25070100016121,,
rfnd_EH25061316140,refund,921000,INR,pay_EH25060400799,1749823380,,rcpt_60400799,processed,normal,normal,UTR25061300016140,,
rfnd_EH25062316162,refund,45000,INR,pay_EH25061200822,1750688940,,rcpt_61200822,processed,normal,normal,UTR25062300016162,,
rfnd_EH25062716182,refund,1457000,INR,pay_EH25061500842,1751033880,,rcpt_61500842,processed,normal,normal,UTR25062700016182,,
rfnd_EH25061516187,refund,376000,INR,pay_EH25061000847,1749999240,,rcpt_61000847,processed,normal,normal,UTR25061500016187,,
rfnd_EH25062516199,refund,630000,INR,pay_EH25061900859,1750860660,,rcpt_61900859,processed,normal,normal,UTR25062500016199,,
rfnd_EH25062016224,refund,929000,INR,pay_EH25061900884,1750431060,,rcpt_61900884,processed,normal,normal,UTR25062000016224,,
rfnd_EH25062616237,refund,656000,INR,pay_EH25061600897,1750947420,,rcpt_61600897,processed,normal,normal,UTR25062600016237,,
rfnd_EH25070316241,refund,226000,INR,pay_EH25063000901,1751551500,,rcpt_63000901,processed,normal,normal,UTR25070300016241,,
rfnd_EH25062216242,refund,184000,INR,pay_EH25062100902,1750600920,,rcpt_62100902,processed,normal,normal,UTR25062200016242,,
rfnd_EH25062516247,refund,164000,INR,pay_EH25062400907,1750861980,,rcpt_62400907,processed,normal,normal,UTR25062500016247,,
rfnd_EH25061116255,refund,268000,INR,pay_EH25060100915,1749653880,,rcpt_60100915,processed,normal,normal,UTR25061100016255,,
rfnd_EH25061016256,refund,375000,INR,pay_EH25060300916,1749564480,,rcpt_60300916,processed,normal,normal,UTR25061000016256,,
rfnd_EH25062116267,refund,439000,INR,pay_EH25060900928,1750515240,,rcpt_60900928,processed,normal,normal,UTR25062100016267,,
rfnd_EH25061416274,refund,422000,INR,pay_EH25060800935,1749912660,,rcpt_60800935,processed,normal,normal,UTR25061400016274,,
rfnd_EH25061216299,refund,139000,INR,pay_EH25060600960,1749739200,,rcpt_60600960,processed,normal,normal,UTR25061200016299,,
rfnd_EH25061616313,refund,820000,INR,pay_EH25060600974,1750084800,,rcpt_60600974,processed,normal,normal,UTR25061600016313,,
rfnd_EH25062616328,refund,485000,INR,pay_EH25062200989,1750949160,,rcpt_62200989,processed,normal,normal,UTR25062600016328,,
rfnd_EH25070616379,refund,212000,INR,pay_EH25070100051,1751810520,,rcpt_70100051,processed,normal,normal,UTR25070600016379,,
rfnd_EH25080316408,refund,44000,INR,pay_EH25072900081,1754230140,,rcpt_72900081,processed,normal,normal,UTR25080300016408,,
rfnd_EH25080216412,refund,35000,INR,pay_EH25072100085,1754144160,,rcpt_72100085,processed,normal,normal,UTR25080200016412,,
rfnd_EH25071516445,refund,2036000,INR,pay_EH25071300118,1752591480,,rcpt_71300118,processed,normal,normal,UTR25071500016445,,
rfnd_EH25072616453,refund,114000,INR,pay_EH25072000126,1753540320,,rcpt_72000126,processed,normal,normal,UTR25072600016453,,
rfnd_EH25080316456,refund,174000,INR,pay_EH25072700129,1754232900,,rcpt_72700129,processed,normal,normal,UTR25080300016456,,
rfnd_EH25072816457,refund,138000,INR,pay_EH25072600130,1753712460,,rcpt_72600130,processed,normal,normal,UTR25072800016457,,
rfnd_EH25071916477,refund,279000,INR,pay_EH25070900150,1752936180,,rcpt_70900150,processed,normal,normal,UTR25071900016477,,
rfnd_EH25080416482,refund,510000,INR,pay_EH25072800155,1754317260,,rcpt_72800155,processed,normal,normal,UTR25080400016482,,
rfnd_EH25080116529,refund,160000,INR,pay_EH25072100202,1754057100,,rcpt_72100202,processed,normal,normal,UTR25080100016529,,
rfnd_EH25071616531,refund,281000,INR,pay_EH25071500204,1752676020,,rcpt_71500204,processed,normal,normal,UTR25071600016531,,
rfnd_EH25080216534,refund,366000,INR,pay_EH25072700207,1754145900,,rcpt_72700207,processed,normal,normal,UTR25080200016534,,
rfnd_EH25072316541,refund,37000,INR,pay_EH25072100214,1753281420,,rcpt_72100214,pending,normal,normal,UTR25072300016541,,
rfnd_EH25080816551,refund,631000,INR,pay_EH25072700224,1754662080,,rcpt_72700224,pending,normal,normal,UTR25080800016551,,
rfnd_EH25072916555,refund,608000,INR,pay_EH25072200228,1753797780,,rcpt_72200228,processed,normal,normal,UTR25072900016555,,
rfnd_EH25070416575,refund,103000,INR,pay_EH25070300248,1751640480,,rcpt_70300248,processed,normal,normal,UTR25070400016575,,
rfnd_EH25072916601,refund,57000,INR,pay_EH25072800274,1753800360,,rcpt_72800274,processed,normal,normal,UTR25072900016601,,
rfnd_EH25071216603,refund,63000,INR,pay_EH25070200276,1752330720,,rcpt_70200276,processed,normal,normal,UTR25071200016603,,
rfnd_EH25072316609,refund,244000,INR,pay_EH25071900282,1753281180,,rcpt_71900282,processed,normal,normal,UTR25072300016609,,
rfnd_EH25080116617,refund,42000,INR,pay_EH25072600290,1754057880,,rcpt_72600290,processed,normal,normal,UTR25080100016617,,
rfnd_EH25071916622,refund,799000,INR,pay_EH25071400295,1752935460,,rcpt_71400295,processed,normal,normal,UTR25071900016622,,
rfnd_EH25071716654,refund,61000,INR,pay_EH25071300327,1752761100,,rcpt_71300327,processed,normal,normal,UTR25071700016654,,
rfnd_EH25080516661,refund,1127000,INR,pay_EH25072500334,1754405160,,rcpt_72500334,processed,normal,normal,UTR25080500016661,,
rfnd_EH25080416683,refund,169000,INR,pay_EH25072700356,1754319180,,rcpt_72700356,processed,normal,normal,UTR25080400016683,,
rfnd_EH25070816684,refund,247000,INR,pay_EH25070100357,1751984580,,rcpt_70100357,processed,normal,normal,UTR25070800016684,,
rfnd_EH25072916692,refund,424000,INR,pay_EH25071900365,1753800540,,rcpt_71900365,processed,normal,normal,UTR25072900016692,,
rfnd_EH25071416697,refund,365000,INR,pay_EH25070700370,1752501600,,rcpt_70700370,processed,normal,normal,UTR25071400016697,,
rfnd_EH25072116714,refund,31000,INR,pay_EH25071300387,1753106520,,rcpt_71300387,processed,normal,normal,UTR25072100016714,,
rfnd_EH25072216720,refund,313000,INR,pay_EH25071300393,1753194540,,rcpt_71300393,processed,normal,normal,UTR25072200016720,,
rfnd_EH25072516721,refund,202000,INR,pay_EH25071600394,1753453380,,rcpt_71600394,processed,normal,normal,UTR25072500016721,,
rfnd_EH25072416749,refund,68000,INR,pay_EH25072200422,1753367400,,rcpt_72200422,processed,normal,normal,UTR25072400016749,,
rfnd_EH25080916756,refund,132000,INR,pay_EH25073100429,1754748840,,rcpt_73100429,processed,normal,normal,UTR25080900016756,,
rfnd_EH25072916775,refund,58000,INR,pay_EH25072200448,1753800180,,rcpt_72200448,processed,normal,normal,UTR25072900016775,,
rfnd_EH25070416783,refund,172000,INR,pay_EH25070100456,1751640120,,rcpt_70100456,processed,normal,normal,UTR25070400016783,,
rfnd_EH25080716792,refund,193000,INR,pay_EH25073000465,1754576160,,rcpt_73000465,processed,normal,normal,UTR25080700016792,,
rfnd_EH25073116796,refund,517000,INR,pay_EH25072600469,1753971000,,rcpt_72600469,processed,normal,normal,UTR25073100016796,,
rfnd_EH25070516815,refund,44000,INR,pay_EH25070400488,1751727060,,rcpt_70400488,processed,normal,normal,UTR25070500016815,,
rfnd_EH25072516818,refund,605000,INR,pay_EH25072000491,1753453020,,rcpt_72000491,processed,normal,normal,UTR25072500016818,,
rfnd_EH25072816849,refund,213000,INR,pay_EH25071900523,1753711320,,rcpt_71900523,processed,normal,normal,UTR25072800016849,,
rfnd_EH25071016880,refund,324000,INR,pay_EH25070500554,1752156900,,rcpt_70500554,processed,normal,normal,UTR25071000016880,,
rfnd_EH25073116889,refund,90000,INR,pay_EH25072700563,1753973280,,rcpt_72700563,processed,normal,normal,UTR25073100016889,,
rfnd_EH25080416916,refund,100000,INR,pay_EH25072800590,1754319420,,rcpt_72800590,processed,normal,normal,UTR25080400016916,,
rfnd_EH25080316940,refund,242000,INR,pay_EH25073100614,1754231340,,rcpt_73100614,processed,normal,normal,UTR25080300016940,,
rfnd_EH25080616960,refund,91000,INR,pay_EH25073000634,1754489220,,rcpt_73000634,processed,normal,normal,UTR25080600016960,,
rfnd_EH25071316967,refund,682000,INR,pay_EH25070800642,1752417120,,rcpt_70800642,processed,normal,normal,UTR25071300016967,,
rfnd_EH25080516986,refund,486000,INR,pay_EH25072400661,1754403660,,rcpt_72400661,processed,normal,normal,UTR25080500016986,,
rfnd_EH25072617038,refund,934000,INR,pay_EH25072400713,1753541160,,rcpt_72400713,processed,normal,normal,UTR25072600017038,,
rfnd_EH25070817051,refund,151000,INR,pay_EH25070200726,1751986380,,rcpt_70200726,processed,normal,normal,UTR25070800017051,,
rfnd_EH25072317073,refund,97000,INR,pay_EH25071500748,1753282440,,rcpt_71500748,processed,normal,normal,UTR25072300017073,,
rfnd_EH25072217080,refund,70000,INR,pay_EH25072000755,1753196220,,rcpt_72000755,processed,normal,normal,UTR25072200017080,,
rfnd_EH25071317087,refund,280000,INR,pay_EH25071000762,1752418560,,rcpt_71000762,processed,normal,normal,UTR25071300017087,,
rfnd_EH25070517095,refund,239000,INR,pay_EH25070300770,1751726940,,rcpt_70300770,processed,normal,normal,UTR25070500017095,,
rfnd_EH25080217097,refund,37000,INR,pay_EH25073100772,1754144460,,rcpt_73100772,processed,normal,normal,UTR25080200017097,,
rfnd_EH25071317124,refund,216000,INR,pay_EH25071000799,1752415800,,rcpt_71000799,processed,normal,normal,UTR25071300017124,,
rfnd_EH25071517140,refund,274000,INR,pay_EH25071100815,1752591540,,rcpt_71100815,processed,normal,normal,UTR25071500017140,,
rfnd_EH25071117149,refund,698000,INR,pay_EH25070400824,1752243120,,rcpt_70400824,processed,normal,normal,UTR25071100017149,,
rfnd_EH25071017157,refund,183000,INR,pay_EH25070800833,1752158880,,rcpt_70800833,processed,normal,normal,UTR25071000017157,,
rfnd_EH25070417166,refund,761000,INR,pay_EH25070100842,1751640840,,rcpt_70100842,processed,normal,normal,UTR25070400017166,,
rfnd_EH25072317172,refund,513000,INR,pay_EH25071200849,1753282380,,rcpt_71200849,processed,normal,normal,UTR25072300017172,,
rfnd_EH25071717180,refund,587000,INR,pay_EH25071200857,1752762120,,rcpt_71200857,processed,normal,normal,UTR25071700017180,,
rfnd_EH25072517207,refund,703000,INR,pay_EH25072100884,1753454640,,rcpt_72100884,processed,normal,normal,UTR25072500017207,,
rfnd_EH25071617210,refund,47000,INR,pay_EH25070500888,1752676320,,rcpt_70500888,processed,normal,normal,UTR25071600017210,,
rfnd_EH25080217217,refund,55000,INR,pay_EH25072700895,1754144400,,rcpt_72700895,processed,normal,normal,UTR25080200017217,,
rfnd_EH25071617224,refund,118000,INR,pay_EH25070900902,1752676020,,rcpt_70900902,processed,normal,normal,UTR25071600017224,,
rfnd_EH25071217239,refund,861000,INR,pay_EH25070200917,1752330300,,rcpt_70200917,processed,normal,normal,UTR25071200017239,,
rfnd_EH25070917272,refund,264000,INR,pay_EH25070700950,1752072480,,rcpt_70700950,processed,normal,normal,UTR25070900017272,,
rfnd_EH25073017275,refund,1131000,INR,pay_EH25071800953,1753884240,,rcpt_71800953,processed,normal,normal,UTR25073000017275,,
rfnd_EH25072017288,refund,211000,INR,pay_EH25071500966,1753020780,,rcpt_71500966,processed,normal,normal,UTR25072000017288,,
rfnd_EH25071117295,refund,991000,INR,pay_EH25071000973,1752243180,,rcpt_71000973,processed,normal,normal,UTR25071100017295,,
rfnd_EH25071317311,refund,860000,INR,pay_EH25071000989,1752415680,,rcpt_71000989,processed,normal,normal,UTR25071300017311,,
rfnd_EH25071217314,refund,1121000,INR,pay_EH25070400992,1752330420,,rcpt_70400992,processed,normal,normal,UTR25071200017314,,
rfnd_EH25071417319,refund,207000,INR,pay_EH25071000997,1752502620,,rcpt_71000997,processed,normal,normal,UTR25071400017319,,
rfnd_EH25071417320,refund,551000,INR,pay_EH25071100998,1752503160,,rcpt_71100998,processed,normal,normal,UTR25071400017320,,
rfnd_EH25071817337,refund,157000,INR,pay_EH25071501015,1752848100,,rcpt_71501015,processed,normal,normal,UTR25071800017337,,
rfnd_EH25082517396,refund,330000,INR,pay_EH25082400010,1756131120,,rcpt_82400010,processed,normal,normal,UTR25082500017396,,
rfnd_EH25081017398,refund,338000,INR,pay_EH25080100012,1754836380,,rcpt_80100012,processed,normal,normal,UTR25081000017398,,
rfnd_EH25082917400,refund,191000,INR,pay_EH25082200014,1756478040,,rcpt_82200014,processed,normal,normal,UTR25082900017400,,
rfnd_EH25082317402,refund,268000,INR,pay_EH25082100016,1755959760,,rcpt_82100016,processed,normal,normal,UTR25082300017402,,
rfnd_EH25090117416,refund,583000,INR,pay_EH25082500030,1756736580,,rcpt_82500030,processed,normal,normal,UTR25090100017416,,
rfnd_EH25081717424,refund,74000,INR,pay_EH25080500038,1755439620,,rcpt_80500038,processed,normal,normal,UTR25081700017424,,
rfnd_EH25090517439,refund,960000,INR,pay_EH25082600053,1757082720,,rcpt_82600053,processed,normal,normal,UTR25090500017439,,
rfnd_EH25082717451,refund,467000,INR,pay_EH25082600065,1756304280,,rcpt_82600065,processed,normal,normal,UTR25082700017451,,
rfnd_EH25081417472,refund,992000,INR,pay_EH25080500086,1755180420,,rcpt_80500086,processed,normal,normal,UTR25081400017472,,
rfnd_EH25083117482,refund,1288000,INR,pay_EH25082200096,1756649220,,rcpt_82200096,processed,normal,normal,UTR25083100017482,,
rfnd_EH25090717484,refund,105000,INR,pay_EH25082800098,1757256960,,rcpt_82800098,processed,normal,normal,UTR25090700017484,,
rfnd_EH25081617507,refund,413000,INR,pay_EH25080800121,1755352920,,rcpt_80800121,processed,normal,normal,UTR25081600017507,,
rfnd_EH25080517516,refund,678000,INR,pay_EH25080200130,1754404860,,rcpt_80200130,processed,normal,normal,UTR25080500017516,,
rfnd_EH25082617523,refund,33000,INR,pay_EH25082500137,1756217100,,rcpt_82500137,processed,normal,normal,UTR25082600017523,,
rfnd_EH25081117566,refund,210000,INR,pay_EH25080700180,1754922420,,rcpt_80700180,processed,normal,normal,UTR25081100017566,,
rfnd_EH25082417567,refund,145000,INR,pay_EH25081500181,1756046100,,rcpt_81500181,processed,normal,normal,UTR25082400017567,,
rfnd_EH25082317592,refund,80000,INR,pay_EH25081900206,1755960180,,rcpt_81900206,processed,normal,normal,UTR25082300017592,,
rfnd_EH25082517611,refund,57000,INR,pay_EH25081800225,1756130700,,rcpt_81800225,processed,normal,normal,UTR25082500017611,,
rfnd_EH25090317621,refund,241000,INR,pay_EH25083000235,1756910880,,rcpt_83000235,processed,normal,normal,UTR25090300017621,,
rfnd_EH25090317627,refund,314000,INR,pay_EH25082800241,1756910520,,rcpt_82800241,processed,normal,normal,UTR25090300017627,,
rfnd_EH25081617642,refund,650000,INR,pay_EH25081400256,1755355920,,rcpt_81400256,processed,normal,normal,UTR25081600017642,,
rfnd_EH25083117645,refund,75000,INR,pay_EH25082200259,1756650600,,rcpt_82200259,processed,normal,normal,UTR25083100017645,,
rfnd_EH25081317649,refund,199000,INR,pay_EH25080400263,1755096420,,rcpt_80400263,processed,normal,normal,UTR25081300017649,,
rfnd_EH25081617660,refund,934000,INR,pay_EH25080500274,1755354780,,rcpt_80500274,processed,normal,normal,UTR25081600017660,,
rfnd_EH25081717662,refund,1238000,INR,pay_EH25080800276,1755441060,,rcpt_80800276,processed,normal,normal,UTR25081700017662,,
rfnd_EH25081117679,refund,37000,INR,pay_EH25080300293,1754921820,,rcpt_80300293,processed,normal,normal,UTR25081100017679,,
rfnd_EH25090517752,refund,48000,INR,pay_EH25082900366,1757081760,,rcpt_82900366,processed,normal,normal,UTR25090500017752,,
rfnd_EH25081417757,refund,105000,INR,pay_EH25080600371,1755181440,,rcpt_80600371,processed,normal,normal,UTR25081400017757,,
rfnd_EH25081417782,refund,806000,INR,pay_EH25080400396,1755183540,,rcpt_80400396,processed,normal,normal,UTR25081400017782,,
rfnd_EH25081217793,refund,732000,INR,pay_EH25081000407,1755008640,,rcpt_81000407,processed,normal,normal,UTR25081200017793,,
rfnd_EH25081917797,refund,151000,INR,pay_EH25081800411,1755612480,,rcpt_81800411,processed,normal,normal,UTR25081900017797,,
rfnd_EH25090417799,refund,88000,INR,pay_EH25083000413,1756994700,,rcpt_83000413,processed,normal,normal,UTR25090400017799,,
rfnd_EH25080417804,refund,269000,INR,pay_EH25080100419,1754319060,,rcpt_80100419,processed,normal,normal,UTR25080400017804,,
rfnd_EH25090417815,refund,42000,INR,pay_EH25082600430,1756995960,,rcpt_82600430,processed,normal,normal,UTR25090400017815,,
rfnd_EH25091017820,refund,392000,INR,pay_EH25082900435,1757513520,,rcpt_82900435,processed,normal,normal,UTR25091000017820,,
rfnd_EH25081317841,refund,1349000,INR,pay_EH25080900456,1755097140,,rcpt_80900456,processed,normal,normal,UTR25081300017841,,
rfnd_EH25081417858,refund,70000,INR,pay_EH25081100473,1755183240,,rcpt_81100473,processed,normal,normal,UTR25081400017858,,
rfnd_EH25082817864,refund,344000,INR,pay_EH25082400479,1756392660,,rcpt_82400479,processed,normal,normal,UTR25082800017864,,
rfnd_EH25090417909,refund,37000,INR,pay_EH25082400524,1756997040,,rcpt_82400524,processed,normal,normal,UTR25090400017909,,
rfnd_EH25082917938,refund,261000,INR,pay_EH25082100554,1756476660,,rcpt_82100554,processed,normal,normal,UTR25082900017938,,
rfnd_EH25081417957,refund,315000,INR,pay_EH25080300573,1755182100,,rcpt_80300573,processed,normal,normal,UTR25081400017957,,
rfnd_EH25082717968,refund,75000,INR,pay_EH25082100584,1756305360,,rcpt_82100584,processed,normal,normal,UTR25082700017968,,
rfnd_EH25081217972,refund,119000,INR,pay_EH25080800588,1755010680,,rcpt_80800588,processed,normal,normal,UTR25081200017972,,
rfnd_EH25090117993,refund,221000,INR,pay_EH25082000610,1756736400,,rcpt_82000610,processed,normal,normal,UTR25090100017993,,
rfnd_EH25090217996,refund,882000,INR,pay_EH25082800613,1756824660,,rcpt_82800613,processed,normal,normal,UTR25090200017996,,
rfnd_EH25081217999,refund,279000,INR,pay_EH25080500616,1755007440,,rcpt_80500616,processed,normal,normal,UTR25081200017999,,
rfnd_EH25090418036,refund,914000,INR,pay_EH25082400653,1756997220,,rcpt_82400653,processed,normal,normal,UTR25090400018036,,
rfnd_EH25080818048,refund,585000,INR,pay_EH25080200665,1754664000,,rcpt_80200665,processed,normal,normal,UTR25080800018048,,
rfnd_EH25090218062,refund,717000,INR,pay_EH25082800679,1756824420,,rcpt_82800679,processed,normal,normal,UTR25090200018062,,
rfnd_EH25090118088,refund,199000,INR,pay_EH25082300705,1756736400,,rcpt_82300705,processed,normal,normal,UTR25090100018088,,
rfnd_EH25082718097,refund,375000,INR,pay_EH25082100714,1756306680,,rcpt_82100714,processed,normal,normal,UTR25082700018097,,
rfnd_EH25090418118,refund,1112000,INR,pay_EH25082800735,1756996980,,rcpt_82800735,processed,normal,normal,UTR25090400018118,,
rfnd_EH25090718157,refund,426000,INR,pay_EH25082600774,1757256060,,rcpt_82600774,processed,normal,normal,UTR25090700018157,,
rfnd_EH25081318162,refund,385000,INR,pay_EH25080600779,1755094080,,rcpt_80600779,processed,normal,normal,UTR25081300018162,,
rfnd_EH25082118210,refund,656000,INR,pay_EH25081500828,1755787620,,rcpt_81500828,processed,normal,normal,UTR25082100018210,,
rfnd_EH25090118222,refund,66000,INR,pay_EH25082000840,1756738020,,rcpt_82000840,processed,normal,normal,UTR25090100018222,,
rfnd_EH25081318235,refund,1025000,INR,pay_EH25081000853,1755095280,,rcpt_81000853,processed,normal,normal,UTR25081300018235,,
rfnd_EH25091018247,refund,31000,INR,pay_EH25083000865,1757512860,,rcpt_83000865,processed,normal,normal,UTR25091000018247,,
rfnd_EH25082118257,refund,484000,INR,pay_EH25080900875,1755787200,,rcpt_80900875,processed,normal,normal,UTR25082100018257,,
rfnd_EH25082018258,refund,275000,INR,pay_EH25081700876,1755698400,,rcpt_81700876,processed,normal,normal,UTR25082000018258,,
rfnd_EH25082518295,refund,122000,INR,pay_EH25082000913,1756132020,,rcpt_82000913,processed,normal,normal,UTR25082500018295,,
rfnd_EH25081118298,refund,455000,INR,pay_EH25080100916,1754922120,,rcpt_80100916,processed,normal,normal,UTR25081100018298,,
rfnd_EH25090718308,refund,744000,INR,pay_EH25082600926,1757256600,,rcpt_82600926,processed,normal,normal,UTR25090700018308,,
rfnd_EH25081218359,refund,215000,INR,pay_EH25080700977,1755010380,,rcpt_80700977,processed,normal,normal,UTR25081200018359,,
rfnd_EH25080818372,refund,33000,INR,pay_EH25080400990,1754663160,,rcpt_80400990,processed,normal,normal,UTR25080800018372,,
rfnd_EH25082218376,refund,757000,INR,pay_EH25081900994,1755874560,,rcpt_81900994,processed,normal,normal,UTR25082200018376,,
rfnd_EH25092218424,refund,887000,INR,pay_EH25091800022,1758550320,,rcpt_91800022,processed,normal,normal,UTR25092200018424,,
rfnd_EH25092218427,refund,587000,INR,pay_EH25091700025,1758550800,,rcpt_91700025,processed,normal,normal,UTR25092200018427,,
rfnd_EH25100218460,refund,234000,INR,pay_EH25092100058,1759416840,,rcpt_92100058,processed,normal,normal,UTR25100200018460,,
rfnd_EH25092818465,refund,54000,INR,pay_EH25092600063,1759070100,,rcpt_92600063,processed,normal,normal,UTR25092800018465,,
rfnd_EH25100118466,refund,629000,INR,pay_EH25091900064,1759328640,,rcpt_91900064,processed,normal,normal,UTR25100100018466,,
rfnd_EH25091518471,refund,573000,INR,pay_EH25091300069,1757945280,,rcpt_91300069,processed,normal,normal,UTR25091500018471,,
rfnd_EH25100118481,refund,726000,INR,pay_EH25092000079,1759329120,,rcpt_92000079,processed,normal,normal,UTR25100100018481,,
rfnd_EH25091918482,refund,1005000,INR,pay_EH25091000080,1758293880,,rcpt_91000080,processed,normal,normal,UTR25091900018482,,
rfnd_EH25092118489,refund,287000,INR,pay_EH25091000087,1758465660,,rcpt_91000087,processed,normal,normal,UTR25092100018489,,
rfnd_EH25093018515,refund,240000,INR,pay_EH25092400114,1759240920,,rcpt_92400114,processed,normal,normal,UTR25093000018515,,
rfnd_EH25091618528,refund,841000,INR,pay_EH25091500127,1758032820,,rcpt_91500127,processed,normal,normal,UTR25091600018528,,
rfnd_EH25091118531,refund,1376000,INR,pay_EH25090800130,1757600220,,rcpt_90800130,processed,normal,normal,UTR25091100018531,,
rfnd_EH25092718538,refund,2426000,INR,pay_EH25092100137,1758981780,,rcpt_92100137,processed,normal,normal,UTR25092700018538,,
rfnd_EH25091918562,refund,37000,INR,pay_EH25091300161,1758292860,,rcpt_91300161,processed,normal,normal,UTR25091900018562,,
rfnd_EH25100218575,refund,125000,INR,pay_EH25092200174,1759415760,,rcpt_92200174,processed,normal,normal,UTR25100200018575,,
rfnd_EH25090818576,refund,403000,INR,pay_EH25090500175,1757340060,,rcpt_90500175,processed,normal,normal,UTR25090800018576,,
rfnd_EH25100118588,refund,603000,INR,pay_EH25092800187,1759329900,,rcpt_92800187,processed,normal,normal,UTR25100100018588,,
rfnd_EH25092418595,refund,61000,INR,pay_EH25092000194,1758724200,,rcpt_92000194,processed,normal,normal,UTR25092400018595,,
rfnd_EH25092818596,refund,450000,INR,pay_EH25092500195,1759069020,,rcpt_92500195,processed,normal,normal,UTR25092800018596,,
rfnd_EH25091118603,refund,651000,INR,pay_EH25090800202,1757601180,,rcpt_90800202,processed,normal,normal,UTR25091100018603,,
rfnd_EH25092118612,refund,279000,INR,pay_EH25091800211,1758465780,,rcpt_91800211,processed,normal,normal,UTR25092100018612,,
rfnd_EH25092418626,refund,107000,INR,pay_EH25091700225,1758724860,,rcpt_91700225,processed,normal,normal,UTR25092400018626,,
rfnd_EH25092018652,refund,1346000,INR,pay_EH25091100251,1758377400,,rcpt_91100251,processed,normal,normal,UTR25092000018652,,
rfnd_EH25100118658,refund,38000,INR,pay_EH25092500257,1759328760,,rcpt_92500257,processed,normal,normal,UTR25100100018658,,
rfnd_EH25091918662,refund,238000,INR,pay_EH25091500261,1758291240,,rcpt_91500261,processed,normal,normal,UTR25091900018662,,
rfnd_EH25100218665,refund,120000,INR,pay_EH25092500264,1759413840,,rcpt_92500264,processed,normal,normal,UTR25100200018665,,
rfnd_EH25091618669,refund,253000,INR,pay_EH25090400268,1758031680,,rcpt_90400268,processed,normal,normal,UTR25091600018669,,
rfnd_EH25092318696,refund,104000,INR,pay_EH25092000295,1758637440,,rcpt_92000295,processed,normal,normal,UTR25092300018696,,
rfnd_EH25092118732,refund,126000,INR,pay_EH25091600331,1758465300,,rcpt_91600331,processed,normal,normal,UTR25092100018732,,
rfnd_EH25091418757,refund,160000,INR,pay_EH25091000356,1757861940,,rcpt_91000356,processed,normal,normal,UTR25091400018757,,
rfnd_EH25090818765,refund,801000,INR,pay_EH25090100364,1757342700,,rcpt_90100364,processed,normal,normal,UTR25090800018765,,
rfnd_EH25100618774,refund,56000,INR,pay_EH25092600373,1759759800,,rcpt_92600373,processed,normal,normal,UTR25100600018774,,
rfnd_EH25100218784,refund,201000,INR,pay_EH25092100383,1759414320,,rcpt_92100383,processed,normal,normal,UTR25100200018784,,
rfnd_EH25091918789,refund,1042000,INR,pay_EH25091800388,1758291120,,rcpt_91800388,processed,normal,normal,UTR25091900018789,,
rfnd_EH25092618797,refund,615000,INR,pay_EH25091700396,1758895860,,rcpt_91700396,processed,normal,normal,UTR25092600018797,,
rfnd_EH25091418828,refund,442000,INR,pay_EH25090500427,1757858400,,rcpt_90500427,processed,normal,normal,UTR25091400018828,,
rfnd_EH25091718880,refund,38000,INR,pay_EH25091500479,1758118080,,rcpt_91500479,processed,normal,normal,UTR25091700018880,,
rfnd_EH25091518887,refund,1063000,INR,pay_EH25091400486,1757947380,,rcpt_91400486,processed,normal,normal,UTR25091500018887,,
rfnd_EH25100318898,refund,109000,INR,pay_EH25092300497,1759500840,,rcpt_92300497,processed,normal,normal,UTR25100300018898,,
rfnd_EH25092618901,refund,188000,INR,pay_EH25092400500,1758896400,,rcpt_92400500,processed,normal,normal,UTR25092600018901,,
rfnd_EH25092218947,refund,1088000,INR,pay_EH25091300546,1758549900,,rcpt_91300546,processed,normal,normal,UTR25092200018947,,
rfnd_EH25092618948,refund,802000,INR,pay_EH25092200547,1758897120,,rcpt_92200547,processed,normal,normal,UTR25092600018948,,
rfnd_EH25091618955,refund,36000,INR,pay_EH25091300554,1758034500,,rcpt_91300554,processed,normal,normal,UTR25091600018955,,
rfnd_EH25092618970,refund,515000,INR,pay_EH25092100570,1758895740,,rcpt_92100570,processed,normal,normal,UTR25092600018970,,
rfnd_EH25091718985,refund,527000,INR,pay_EH25090700585,1758118020,,rcpt_90700585,processed,normal,normal,UTR25091700018985,,
rfnd_EH25090719001,refund,121000,INR,pay_EH25090400601,1757254080,,rcpt_90400601,processed,normal,normal,UTR25090700019001,,
rfnd_EH25101019030,refund,995000,INR,pay_EH25092800630,1760107380,,rcpt_92800630,processed,normal,normal,UTR25101000019030,,
rfnd_EH25100219041,refund,581000,INR,pay_EH25092400641,1759416840,,rcpt_92400641,processed,normal,normal,UTR25100200019041,,
rfnd_EH25091519054,refund,136000,INR,pay_EH25090800654,1757945100,,rcpt_90800654,processed,normal,normal,UTR25091500019054,,
rfnd_EH25092519056,refund,81000,INR,pay_EH25091300656,1758810540,,rcpt_91300656,processed,normal,normal,UTR25092500019056,,
rfnd_EH25090919064,refund,132000,INR,pay_EH25090800664,1757428560,,rcpt_90800664,processed,normal,normal,UTR25090900019064,,
rfnd_EH25091519071,refund,38000,INR,pay_EH25090800671,1757947140,,rcpt_90800671,processed,normal,normal,UTR25091500019071,,
rfnd_EH25091119077,refund,188000,INR,pay_EH25090700677,1757601240,,rcpt_90700677,processed,normal,normal,UTR25091100019077,,
rfnd_EH25092119089,refund,42000,INR,pay_EH25091500689,1758463620,,rcpt_91500689,processed,normal,normal,UTR25092100019089,,
rfnd_EH25090719111,refund,80000,INR,pay_EH25090400711,1757254980,,rcpt_90400711,processed,normal,normal,UTR25090700019111,,
rfnd_EH25091319124,refund,99000,INR,pay_EH25090700724,1757774520,,rcpt_90700724,processed,normal,normal,UTR25091300019124,,
rfnd_EH25092219125,refund,71000,INR,pay_EH25091400725,1758553080,,rcpt_91400725,processed,normal,normal,UTR25092200019125,,
rfnd_EH25091419131,refund,122000,INR,pay_EH25090700731,1757861400,,rcpt_90700731,processed,normal,normal,UTR25091400019131,,
rfnd_EH25091419152,refund,186000,INR,pay_EH25090400752,1757858820,,rcpt_90400752,processed,normal,normal,UTR25091400019152,,
rfnd_EH25092519153,refund,56000,INR,pay_EH25092100753,1758811140,,rcpt_92100753,processed,normal,normal,UTR25092500019153,,
rfnd_EH25091219162,refund,312000,INR,pay_EH25090500762,1757688540,,rcpt_90500762,processed,normal,normal,UTR25091200019162,,
rfnd_EH25092019213,refund,341000,INR,pay_EH25091000813,1758377880,,rcpt_91000813,processed,normal,normal,UTR25092000019213,,
rfnd_EH25091719276,refund,183000,INR,pay_EH25091200876,1758117960,,rcpt_91200876,processed,normal,normal,UTR25091700019276,,
rfnd_EH25091119284,refund,113000,INR,pay_EH25091000884,1757602320,,rcpt_91000884,processed,normal,normal,UTR25091100019284,,
rfnd_EH25092019305,refund,269000,INR,pay_EH25091800905,1758379500,,rcpt_91800905,processed,normal,normal,UTR25092000019305,,
rfnd_EH25091519317,refund,438000,INR,pay_EH25091300917,1757944980,,rcpt_91300917,processed,normal,normal,UTR25091500019317,,
rfnd_EH25091119319,refund,830000,INR,pay_EH25090300919,1757600460,,rcpt_90300919,processed,normal,normal,UTR25091100019319,,
rfnd_EH25100419334,refund,652000,INR,pay_EH25092900934,1759588740,,rcpt_92900934,processed,normal,normal,UTR25100400019334,,
rfnd_EH25100419397,refund,84000,INR,pay_EH25092200997,1759586580,,rcpt_92200997,processed,normal,normal,UTR25100400019397,,
rfnd_EH25100719425,refund,36000,INR,pay_EH25092501025,1759847340,,rcpt_92501025,processed,normal,normal,UTR25100700019425,,
rfnd_EH25091619436,refund,224000,INR,pay_EH25091201037,1758031380,,rcpt_91201037,processed,normal,normal,UTR25091600019436,,
rfnd_EH25090419443,refund,81000,INR,pay_EH25090101044,1756995660,,rcpt_90101044,processed,normal,normal,UTR25090400019443,,
rfnd_EH25101119493,refund,868000,INR,pay_EH25100600049,1760194440,,rcpt_00600049,processed,normal,normal,UTR25101100019493,,
rfnd_EH25110219515,refund,125000,INR,pay_EH25102300072,1762093020,,rcpt_02300072,processed,normal,normal,UTR25110200019515,,
rfnd_EH25103119518,refund,619000,INR,pay_EH25102100075,1761920220,,rcpt_02100075,processed,normal,normal,UTR25103100019518,,
rfnd_EH25102619524,refund,4501000,INR,pay_EH25102000081,1761487920,,rcpt_02000081,processed,normal,normal,UTR25102600019524,,
rfnd_EH25102819530,refund,257000,INR,pay_EH25102600087,1761663540,,rcpt_02600087,processed,normal,normal,UTR25102800019530,,
rfnd_EH25102919537,refund,468000,INR,pay_EH25102000094,1761748380,,rcpt_02000094,processed,normal,normal,UTR25102900019537,,
rfnd_EH25102719549,refund,362000,INR,pay_EH25101900106,1761575640,,rcpt_01900106,processed,normal,normal,UTR25102700019549,,
rfnd_EH25101019581,refund,613000,INR,pay_EH25100900138,1760105040,,rcpt_00900138,processed,normal,normal,UTR25101000019581,,
rfnd_EH25101619587,refund,329000,INR,pay_EH25100400144,1760623980,,rcpt_00400144,processed,normal,normal,UTR25101600019587,,
rfnd_EH25101619588,refund,424000,INR,pay_EH25100900145,1760623680,,rcpt_00900145,processed,normal,normal,UTR25101600019588,,
rfnd_EH25102219593,refund,981000,INR,pay_EH25101800150,1761144600,,rcpt_01800150,processed,normal,normal,UTR25102200019593,,
rfnd_EH25102319603,refund,304000,INR,pay_EH25101800160,1761230460,,rcpt_01800160,processed,normal,normal,UTR25102300019603,,
rfnd_EH25102019620,refund,58000,INR,pay_EH25101700177,1760969760,,rcpt_01700177,processed,normal,normal,UTR25102000019620,,
rfnd_EH25100719633,refund,617000,INR,pay_EH25100100191,1759847700,,rcpt_00100191,processed,normal,normal,UTR25100700019633,,
rfnd_EH25100519667,refund,594000,INR,pay_EH25100200225,1759673160,,rcpt_00200225,processed,normal,normal,UTR25100500019667,,
rfnd_EH25110319669,refund,317000,INR,pay_EH25102800227,1762179240,,rcpt_02800227,processed,normal,normal,UTR25110300019669,,
rfnd_EH25101619670,refund,533000,INR,pay_EH25100500228,1760625060,,rcpt_00500228,processed,normal,normal,UTR25101600019670,,
rfnd_EH25102319690,refund,120000,INR,pay_EH25101500248,1761228960,,rcpt_01500248,processed,normal,normal,UTR25102300019690,,
rfnd_EH25102719703,refund,181000,INR,pay_EH25101900262,1761575940,,rcpt_01900262,processed,normal,normal,UTR25102700019703,,
rfnd_EH25110519720,refund,643000,INR,pay_EH25102800279,1762352940,,rcpt_02800279,processed,normal,normal,UTR25110500019720,,
rfnd_EH25110519723,refund,597000,INR,pay_EH25103100282,1762351440,,rcpt_03100282,processed,normal,normal,UTR25110500019723,,
rfnd_EH25102219726,refund,475000,INR,pay_EH25102100285,1761142500,,rcpt_02100285,processed,normal,normal,UTR25102200019726,,
rfnd_EH25103019727,refund,103000,INR,pay_EH25102100286,1761833580,,rcpt_02100286,processed,normal,normal,UTR25103000019727,,
rfnd_EH25101219750,refund,965000,INR,pay_EH25100600309,1760280240,,rcpt_00600309,processed,normal,normal,UTR25101200019750,,
rfnd_EH25110619763,refund,44000,INR,pay_EH25102600322,1762440240,,rcpt_02600322,processed,normal,normal,UTR25110600019763,,
rfnd_EH25100519766,refund,238000,INR,pay_EH25100400325,1759674420,,rcpt_00400325,processed,normal,normal,UTR25100500019766,,
rfnd_EH25101719799,refund,861000,INR,pay_EH25100700358,1760709660,,rcpt_00700358,processed,normal,normal,UTR25101700019799,,
rfnd_EH25102419805,refund,723000,INR,pay_EH25101200364,1761315240,,rcpt_01200364,processed,normal,normal,UTR25102400019805,,
rfnd_EH25101419807,refund,61000,INR,pay_EH25101300366,1760450820,,rcpt_01300366,processed,normal,normal,UTR25101400019807,,
rfnd_EH25110819814,refund,1159000,INR,pay_EH25102900373,1762610700,,rcpt_02900373,processed,normal,normal,UTR25110800019814,,
rfnd_EH25102619864,refund,915000,INR,pay_EH25102300424,1761487500,,rcpt_02300424,processed,normal,normal,UTR25102600019864,,
rfnd_EH25110319877,refund,699000,INR,pay_EH25102500438,1762181040,,rcpt_02500438,processed,normal,normal,UTR25110300019877,,
rfnd_EH25103119892,refund,378000,INR,pay_EH25102000453,1761921120,,rcpt_02000453,processed,normal,normal,UTR25103100019892,,
rfnd_EH25103119895,refund,771000,INR,pay_EH25102700456,1761922500,,rcpt_02700456,processed,normal,normal,UTR25103100019895,,
rfnd_EH25100919935,refund,558000,INR,pay_EH25100500496,1760020320,,rcpt_00500496,processed,normal,normal,UTR25100900019935,,
rfnd_EH25110119939,refund,267000,INR,pay_EH25102000500,1762006020,,rcpt_02000500,processed,normal,normal,UTR25110100019939,,
rfnd_EH25101719946,refund,123000,INR,pay_EH25101000507,1760711160,,rcpt_01000507,processed,normal,normal,UTR25101700019946,,
rfnd_EH25101819954,refund,157000,INR,pay_EH25100800516,1760799420,,rcpt_00800516,processed,normal,normal,UTR25101800019954,,
rfnd_EH25102719960,refund,83000,INR,pay_EH25101500522,1761575580,,rcpt_01500522,processed,normal,normal,UTR25102700019960,,
rfnd_EH25100419997,refund,164000,INR,pay_EH25100200560,1759587900,,rcpt_00200560,processed,normal,normal,UTR25100400019997,,
rfnd_EH25101520003,refund,461000,INR,pay_EH25101000566,1760539020,,rcpt_01000566,processed,normal,normal,UTR25101500020003,,
rfnd_EH25102320008,refund,85000,INR,pay_EH25102200571,1761228300,,rcpt_02200571,processed,normal,normal,UTR25102300020008,,
rfnd_EH25110120080,refund,70000,INR,pay_EH25102100643,1762005960,,rcpt_02100643,processed,normal,normal,UTR25110100020080,,
rfnd_EH25110120156,refund,176000,INR,pay_EH25102400719,1762005660,,rcpt_02400719,processed,normal,normal,UTR25110100020156,,
rfnd_EH25101620199,refund,32000,INR,pay_EH25101100762,1760624760,,rcpt_01100762,processed,normal,normal,UTR25101600020199,,
rfnd_EH25110720220,refund,209000,INR,pay_EH25102600783,1762526460,,rcpt_02600783,processed,normal,normal,UTR25110700020220,,
rfnd_EH25102120228,refund,479000,INR,pay_EH25101300791,1761058320,,rcpt_01300791,processed,normal,normal,UTR25102100020228,,
rfnd_EH25102220242,refund,103000,INR,pay_EH25101200805,1761143760,,rcpt_01200805,processed,normal,normal,UTR25102200020242,,
rfnd_EH25102520259,refund,142000,INR,pay_EH25101700822,1761403980,,rcpt_01700822,processed,normal,normal,UTR25102500020259,,
rfnd_EH25111020264,refund,798000,INR,pay_EH25103000827,1762784760,,rcpt_03000827,processed,normal,normal,UTR25111000020264,,
rfnd_EH25101920287,refund,142000,INR,pay_EH25101100850,1760884800,,rcpt_01100850,processed,normal,normal,UTR25101900020287,,
rfnd_EH25102320313,refund,315000,INR,pay_EH25102200876,1761228360,,rcpt_02200876,processed,normal,normal,UTR25102300020313,,
rfnd_EH25100620321,refund,171000,INR,pay_EH25100300884,1759760100,,rcpt_00300884,processed,normal,normal,UTR25100600020321,,
rfnd_EH25110320326,refund,399000,INR,pay_EH25102600889,1762179540,,rcpt_02600889,processed,normal,normal,UTR25110300020326,,
rfnd_EH25101120340,refund,3839000,INR,pay_EH25100700903,1760193300,,rcpt_00700903,processed,normal,normal,UTR25101100020340,,
rfnd_EH25102820357,refund,199000,INR,pay_EH25101600920,1761661080,,rcpt_01600920,processed,normal,normal,UTR25102800020357,,
rfnd_EH25101320383,refund,127000,INR,pay_EH25101200946,1760364780,,rcpt_01200946,processed,normal,normal,UTR25101300020383,,
rfnd_EH25101020393,refund,303000,INR,pay_EH25100200957,1760107020,,rcpt_00200957,processed,normal,normal,UTR25101000020393,,
rfnd_EH25103120403,refund,738000,INR,pay_EH25102200967,1761920580,,rcpt_02200967,processed,normal,normal,UTR25103100020403,,
rfnd_EH25111020416,refund,101000,INR,pay_EH25103000981,1762784100,,rcpt_03000981,processed,normal,normal,UTR25111000020416,,
rfnd_EH25102620442,refund,458000,INR,pay_EH25102101007,1761490380,,rcpt_02101007,processed,normal,normal,UTR25102600020442,,
rfnd_EH25102920453,refund,140000,INR,pay_EH25101901018,1761748440,,rcpt_01901018,processed,normal,normal,UTR25102900020453,,
rfnd_EH25111220480,refund,63000,INR,pay_EH25110500012,1762958040,,rcpt_10500012,processed,normal,normal,UTR25111200020480,,
rfnd_EH25112420502,refund,717000,INR,pay_EH25112300035,1763996040,,rcpt_12300035,processed,normal,normal,UTR25112400020502,,
rfnd_EH25110920524,refund,554000,INR,pay_EH25110700057,1762699020,,rcpt_10700057,processed,normal,normal,UTR25110900020524,,
rfnd_EH25110420533,refund,678000,INR,pay_EH25110200067,1762267320,,rcpt_10200067,processed,normal,normal,UTR25110400020533,,
rfnd_EH25112720538,refund,762000,INR,pay_EH25112300072,1764253620,,rcpt_12300072,processed,normal,normal,UTR25112700020538,,
rfnd_EH25120620571,refund,1178000,INR,pay_EH25112400106,1765031520,,rcpt_12400106,processed,normal,normal,UTR25120600020571,,
rfnd_EH25111920600,refund,426000,INR,pay_EH25110700135,1763561280,,rcpt_10700135,processed,normal,normal,UTR25111900020600,,
rfnd_EH25112920614,refund,118000,INR,pay_EH25111900149,1764426540,,rcpt_11900149,processed,normal,normal,UTR25112900020614,,
rfnd_EH25111720655,refund,451000,INR,pay_EH25111500190,1763388240,,rcpt_11500190,processed,normal,normal,UTR25111700020655,,
rfnd_EH25110520700,refund,933000,INR,pay_EH25110100235,1762353600,,rcpt_10100235,processed,normal,normal,UTR25110500020700,,
rfnd_EH25120320701,refund,48000,INR,pay_EH25112500236,1764771840,,rcpt_12500236,processed,normal,normal,UTR25120300020701,,
rfnd_EH25112020705,refund,59000,INR,pay_EH25110800240,1763649780,,rcpt_10800240,processed,normal,normal,UTR25112000020705,,
rfnd_EH25112320711,refund,86000,INR,pay_EH25112100246,1763909340,,rcpt_12100246,processed,normal,normal,UTR25112300020711,,
rfnd_EH25111920716,refund,814000,INR,pay_EH25110800251,1763563860,,rcpt_10800251,processed,normal,normal,UTR25111900020716,,
rfnd_EH25110920722,refund,1217000,INR,pay_EH25110500257,1762696920,,rcpt_10500257,pending,normal,normal,UTR25110900020722,,
rfnd_EH25112220728,refund,42000,INR,pay_EH25111100263,1763823540,,rcpt_11100263,processed,normal,normal,UTR25112200020728,,
rfnd_EH25112820748,refund,199000,INR,pay_EH25111700283,1764341940,,rcpt_11700283,processed,normal,normal,UTR25112800020748,,
rfnd_EH25110620751,refund,92000,INR,pay_EH25110200286,1762438440,,rcpt_10200286,processed,normal,normal,UTR25110600020751,,
rfnd_EH25112020786,refund,1082000,INR,pay_EH25111900322,1763650080,,rcpt_11900322,processed,normal,normal,UTR25112000020786,,
rfnd_EH25110720788,refund,504000,INR,pay_EH25110500324,1762526040,,rcpt_10500324,processed,normal,normal,UTR25110700020788,,
rfnd_EH25112220795,refund,259000,INR,pay_EH25112100331,1763820180,,rcpt_12100331,processed,normal,normal,UTR25112200020795,,
rfnd_EH25112120800,refund,287000,INR,pay_EH25111100336,1763736600,,rcpt_11100336,processed,normal,normal,UTR25112100020800,,
rfnd_EH25112320807,refund,1300000,INR,pay_EH25111500345,1763908680,,rcpt_11500345,processed,normal,normal,UTR25112300020807,,
rfnd_EH25112920817,refund,123000,INR,pay_EH25112800355,1764426900,,rcpt_12800355,processed,normal,normal,UTR25112900020817,,
rfnd_EH25111420820,refund,50000,INR,pay_EH25111100358,1763132160,,rcpt_11100358,processed,normal,normal,UTR25111400020820,,
rfnd_EH25112220829,refund,267000,INR,pay_EH25111300367,1763822700,,rcpt_11300367,processed,normal,normal,UTR25112200020829,,
rfnd_EH25120820836,refund,59000,INR,pay_EH25112700374,1765205940,,rcpt_12700374,processed,normal,normal,UTR25120800020836,,
rfnd_EH25112920844,refund,405000,INR,pay_EH25112300382,1764427020,,rcpt_12300382,processed,normal,normal,UTR25112900020844,,
rfnd_EH25120220871,refund,155000,INR,pay_EH25112100409,1764687300,,rcpt_12100409,processed,normal,normal,UTR25120200020871,,
rfnd_EH25112820935,refund,206000,INR,pay_EH25112100473,1764341100,,rcpt_12100473,processed,normal,normal,UTR25112800020935,,
rfnd_EH25113020994,refund,788000,INR,pay_EH25112600533,1764511680,,rcpt_12600533,processed,normal,normal,UTR25113000020994,,
rfnd_EH25112720995,refund,119000,INR,pay_EH25112100534,1764253560,,rcpt_12100534,processed,normal,normal,UTR25112700020995,,
rfnd_EH25120721028,refund,60000,INR,pay_EH25113000567,1765117080,,rcpt_13000567,processed,normal,normal,UTR25120700021028,,
rfnd_EH25120621053,refund,380000,INR,pay_EH25113000592,1765032420,,rcpt_13000592,processed,normal,normal,UTR25120600021053,,
rfnd_EH25112821070,refund,441000,INR,pay_EH25112000609,1764341940,,rcpt_12000609,processed,normal,normal,UTR25112800021070,,
rfnd_EH25111621106,refund,398000,INR,pay_EH25110600645,1763303220,,rcpt_10600645,processed,normal,normal,UTR25111600021106,,
rfnd_EH25111021123,refund,384000,INR,pay_EH25110600662,1762786260,,rcpt_10600662,processed,normal,normal,UTR25111000021123,,
rfnd_EH25112621132,refund,471000,INR,pay_EH25112200671,1764166380,,rcpt_12200671,processed,normal,normal,UTR25112600021132,,
rfnd_EH25111221142,refund,83000,INR,pay_EH25111000681,1762958760,,rcpt_11000681,processed,normal,normal,UTR25111200021142,,
rfnd_EH25120421158,refund,37000,INR,pay_EH25112600697,1764857700,,rcpt_12600697,processed,normal,normal,UTR25120400021158,,
rfnd_EH25111021161,refund,644000,INR,pay_EH25110200700,1762783680,,rcpt_10200700,processed,normal,normal,UTR25111000021161,,
rfnd_EH25112921170,refund,95000,INR,pay_EH25112500709,1764425640,,rcpt_12500709,processed,normal,normal,UTR25112900021170,,
rfnd_EH25111421171,refund,167000,INR,pay_EH25110800710,1763131560,,rcpt_10800710,processed,normal,normal,UTR25111400021171,,
rfnd_EH25110721183,refund,49000,INR,pay_EH25110200722,1762527000,,rcpt_10200722,processed,normal,normal,UTR25110700021183,,
rfnd_EH25120821185,refund,53000,INR,pay_EH25112700724,1765205520,,rcpt_12700724,processed,normal,normal,UTR25120800021185,,
rfnd_EH25112821266,refund,792000,INR,pay_EH25111900808,1764340920,,rcpt_11900808,processed,normal,normal,UTR25112800021266,,
rfnd_EH25120421271,refund,359000,INR,pay_EH25112200813,1764857100,,rcpt_12200813,processed,normal,normal,UTR25120400021271,,
rfnd_EH25112821273,refund,268000,INR,pay_EH25111900815,1764339120,,rcpt_11900815,processed,normal,normal,UTR25112800021273,,
rfnd_EH25112621294,refund,62000,INR,pay_EH25111700837,1764167640,,rcpt_11700837,processed,normal,normal,UTR25112600021294,,
rfnd_EH25110921299,refund,411000,INR,pay_EH25110100842,1762699260,,rcpt_10100842,processed,normal,normal,UTR25110900021299,,
rfnd_EH25111721305,refund,2634000,INR,pay_EH25111000848,1763391180,,rcpt_11000848,processed,normal,normal,UTR25111700021305,,
rfnd_EH25112221312,refund,39000,INR,pay_EH25111400855,1763822940,,rcpt_11400855,processed,normal,normal,UTR25112200021312,,
rfnd_EH25111821315,refund,188000,INR,pay_EH25111500858,1763474820,,rcpt_11500858,processed,normal,normal,UTR25111800021315,,
rfnd_EH25111921333,refund,129000,INR,pay_EH25111600876,1763563020,,rcpt_11600876,processed,normal,normal,UTR25111900021333,,
rfnd_EH25110921334,refund,109000,INR,pay_EH25110500877,1762698900,,rcpt_10500877,processed,normal,normal,UTR25110900021334,,
rfnd_EH25111121336,refund,237000,INR,pay_EH25110100879,1762872840,,rcpt_10100879,processed,normal,normal,UTR25111100021336,,
rfnd_EH25110921359,refund,442000,INR,pay_EH25110600902,1762699500,,rcpt_10600902,processed,normal,normal,UTR25110900021359,,
rfnd_EH25111021376,refund,51000,INR,pay_EH25110800920,1762783860,,rcpt_10800920,processed,normal,normal,UTR25111000021376,,
rfnd_EH25112521385,refund,977000,INR,pay_EH25111700929,1764080460,,rcpt_11700929,processed,normal,normal,UTR25112500021385,,
rfnd_EH25111921386,refund,956000,INR,pay_EH25110900930,1763562840,,rcpt_10900930,processed,normal,normal,UTR25111900021386,,
rfnd_EH25120321405,refund,169000,INR,pay_EH25113000949,1764771960,,rcpt_13000949,processed,normal,normal,UTR25120300021405,,
rfnd_EH25120321433,refund,122000,INR,pay_EH25112100977,1764773040,,rcpt_12100977,processed,normal,normal,UTR25120300021433,,
rfnd_EH25110221434,refund,1033000,INR,pay_EH25110100978,1762093800,,rcpt_10100978,processed,normal,normal,UTR25110200021434,,
rfnd_EH25111621439,refund,240000,INR,pay_EH25111500983,1763302560,,rcpt_11500983,processed,normal,normal,UTR25111600021439,,
rfnd_EH25111521469,refund,105000,INR,pay_EH25110801014,1763218140,,rcpt_10801014,processed,normal,normal,UTR25111500021469,,
rfnd_EH25112621482,refund,216000,INR,pay_EH25111801027,1764168120,,rcpt_11801027,processed,normal,normal,UTR25112600021482,,
rfnd_EH25110821483,refund,111000,INR,pay_EH25110201028,1762613640,,rcpt_10201028,processed,normal,normal,UTR25110800021483,,
rfnd_EH25112521504,refund,65000,INR,pay_EH25112001049,1764079740,,rcpt_12001049,processed,normal,normal,UTR25112500021504,,
rfnd_EH25111521513,refund,250000,INR,pay_EH25110401058,1763215920,,rcpt_10401058,processed,normal,normal,UTR25111500021513,,
rfnd_EH25112821528,refund,216000,INR,pay_EH25111801074,1764341460,,rcpt_11801074,processed,normal,normal,UTR25112800021528,,
rfnd_EH25111621541,refund,752000,INR,pay_EH25110401087,1763302380,,rcpt_10401087,processed,normal,normal,UTR25111600021541,,
rfnd_EH25112421560,refund,76000,INR,pay_EH25111801106,1763995200,,rcpt_11801106,processed,normal,normal,UTR25112400021560,,
rfnd_EH25123021578,refund,151000,INR,pay_EH25122800010,1767104700,,rcpt_22800010,processed,normal,normal,UTR25123000021578,,
rfnd_EH26010721612,refund,897000,INR,pay_EH25123100044,1767797280,,rcpt_23100044,processed,normal,normal,UTR26010700021612,,
rfnd_EH25122921619,refund,457000,INR,pay_EH25121700051,1767017700,,rcpt_21700051,processed,normal,normal,UTR25122900021619,,
rfnd_EH25122321643,refund,177000,INR,pay_EH25121700076,1766499780,,rcpt_21700076,processed,normal,normal,UTR25122300021643,,
rfnd_EH25121621647,refund,265000,INR,pay_EH25121300080,1765895700,,rcpt_21300080,processed,normal,normal,UTR25121600021647,,
rfnd_EH25123021686,refund,252000,INR,pay_EH25122900120,1767106680,,rcpt_22900120,processed,normal,normal,UTR25123000021686,,
rfnd_EH26011221694,refund,45000,INR,pay_EH25123100128,1768229760,,rcpt_23100128,processed,normal,normal,UTR26011200021694,,
rfnd_EH25122521695,refund,350000,INR,pay_EH25121800129,1766673600,,rcpt_21800129,processed,normal,normal,UTR25122500021695,,
rfnd_EH25123021716,refund,329000,INR,pay_EH25122700150,1767105600,,rcpt_22700150,processed,normal,normal,UTR25123000021716,,
rfnd_EH25121221719,refund,193000,INR,pay_EH25120300153,1765548420,,rcpt_20300153,processed,normal,normal,UTR25121200021719,,
rfnd_EH25121421725,refund,162000,INR,pay_EH25121000159,1765721100,,rcpt_21000159,processed,normal,normal,UTR25121400021725,,
rfnd_EH26010221726,refund,446000,INR,pay_EH25122300160,1767363060,,rcpt_22300160,processed,normal,normal,UTR26010200021726,,
rfnd_EH25122421734,refund,234000,INR,pay_EH25121300168,1766587080,,rcpt_21300168,processed,normal,normal,UTR25122400021734,,
rfnd_EH25120821741,refund,70000,INR,pay_EH25120500175,1765202820,,rcpt_20500175,processed,normal,normal,UTR25120800021741,,
rfnd_EH26010321743,refund,54000,INR,pay_EH25122700177,1767449340,,rcpt_22700177,processed,normal,normal,UTR26010300021743,,
rfnd_EH25122721786,refund,129000,INR,pay_EH25121600221,1766845860,,rcpt_21600221,processed,normal,normal,UTR25122700021786,,
rfnd_EH26010621794,refund,133000,INR,pay_EH25123000229,1767708540,,rcpt_23000229,processed,normal,normal,UTR26010600021794,,
rfnd_EH26010121819,refund,1364000,INR,pay_EH25122200254,1767277440,,rcpt_22200254,processed,normal,normal,UTR26010100021819,,
rfnd_EH25121121820,refund,1835000,INR,pay_EH25120200255,1765462320,,rcpt_20200255,processed,normal,normal,UTR25121100021820,,
rfnd_EH25121421838,refund,169000,INR,pay_EH25120400274,1765721820,,rcpt_20400274,processed,normal,normal,UTR25121400021838,,
rfnd_EH26010121892,refund,671000,INR,pay_EH25123000328,1767278460,,rcpt_23000328,processed,normal,normal,UTR26010100021892,,
rfnd_EH25121321893,refund,1251000,INR,pay_EH25121000329,1765637400,,rcpt_21000329,processed,normal,normal,UTR25121300021893,,
rfnd_EH25121421909,refund,82000,INR,pay_EH25121300345,1765723380,,rcpt_21300345,processed,normal,normal,UTR25121400021909,,
rfnd_EH25123121911,refund,251000,INR,pay_EH25122400347,1767191940,,rcpt_22400347,processed,normal,normal,UTR25123100021911,,
rfnd_EH25121121935,refund,869000,INR,pay_EH25120200371,1765461600,,rcpt_20200371,processed,normal,normal,UTR25121100021935,,
rfnd_EH25121921937,refund,81000,INR,pay_EH25121600373,1766153460,,rcpt_21600373,processed,normal,normal,UTR25121900021937,,
rfnd_EH25122721939,refund,253000,INR,pay_EH25122400375,1766847360,,rcpt_22400375,processed,normal,normal,UTR25122700021939,,
rfnd_EH26011221943,refund,2173000,INR,pay_EH25123100379,1768229520,,rcpt_23100379,processed,normal,normal,UTR26011200021943,,
rfnd_EH26010322012,refund,69000,INR,pay_EH25122500448,1767450300,,rcpt_22500448,processed,normal,normal,UTR26010300022012,,
rfnd_EH25121322022,refund,176000,INR,pay_EH25120600459,1765637640,,rcpt_20600459,processed,normal,normal,UTR25121300022022,,
rfnd_EH25122922028,refund,540000,INR,pay_EH25121700465,1767018900,,rcpt_21700465,processed,normal,normal,UTR25122900022028,,
rfnd_EH25122822029,refund,299000,INR,pay_EH25122600466,1766933040,,rcpt_22600466,processed,normal,normal,UTR25122800022029,,
rfnd_EH25122822054,refund,323000,INR,pay_EH25121900491,1766932260,,rcpt_21900491,processed,normal,normal,UTR25122800022054,,
rfnd_EH25120622072,refund,115000,INR,pay_EH25120500509,1765031700,,rcpt_20500509,processed,normal,normal,UTR25120600022072,,
rfnd_EH26010422080,refund,395000,INR,pay_EH25122800517,1767535200,,rcpt_22800517,processed,normal,normal,UTR26010400022080,,
rfnd_EH25121622087,refund,665000,INR,pay_EH25120800524,1765896780,,rcpt_20800524,processed,normal,normal,UTR25121600022087,,
rfnd_EH25120822126,refund,178000,INR,pay_EH25120100563,1765202760,,rcpt_20100563,processed,normal,normal,UTR25120800022126,,
rfnd_EH25122322143,refund,50000,INR,pay_EH25122200581,1766499720,,rcpt_22200581,processed,normal,normal,UTR25122300022143,,
rfnd_EH26010122148,refund,625000,INR,pay_EH25123000586,1767276240,,rcpt_23000586,processed,normal,normal,UTR26010100022148,,
rfnd_EH25121022155,refund,431000,INR,pay_EH25120300593,1765376460,,rcpt_20300593,processed,normal,normal,UTR25121000022155,,
rfnd_EH25121022170,refund,132000,INR,pay_EH25120100608,1765375980,,rcpt_20100608,processed,normal,normal,UTR25121000022170,,
rfnd_EH25121422180,refund,184000,INR,pay_EH25121100618,1765723380,,rcpt_21100618,processed,normal,normal,UTR25121400022180,,
rfnd_EH25121022190,refund,48000,INR,pay_EH25120600628,1765375860,,rcpt_20600628,processed,normal,normal,UTR25121000022190,,
rfnd_EH25120822207,refund,460000,INR,pay_EH25120600645,1765202640,,rcpt_20600645,processed,normal,normal,UTR25120800022207,,
rfnd_EH25121522241,refund,814000,INR,pay_EH25120700679,1765810200,,rcpt_20700679,processed,normal,normal,UTR25121500022241,,
rfnd_EH25121622258,refund,407000,INR,pay_EH25121100696,1765896120,,rcpt_21100696,processed,normal,normal,UTR25121600022258,,
rfnd_EH25122122299,refund,169000,INR,pay_EH25121800737,1766328240,,rcpt_21800737,processed,normal,normal,UTR25122100022299,,
rfnd_EH25120822303,refund,284000,INR,pay_EH25120200741,1765204020,,rcpt_20200741,processed,normal,normal,UTR25120800022303,,
rfnd_EH26010322310,refund,384000,INR,pay_EH25123000749,1767452160,,rcpt_23000749,processed,normal,normal,UTR26010300022310,,
rfnd_EH25121422317,refund,681000,INR,pay_EH25120800756,1765724100,,rcpt_20800756,processed,normal,normal,UTR25121400022317,,
rfnd_EH25121422361,refund,730000,INR,pay_EH25121100801,1765723680,,rcpt_21100801,processed,normal,normal,UTR25121400022361,,
rfnd_EH26010622364,refund,487000,INR,pay_EH25122800804,1767710880,,rcpt_22800804,processed,normal,normal,UTR26010600022364,,
rfnd_EH25122322407,refund,42000,INR,pay_EH25121600849,1766500320,,rcpt_21600849,processed,normal,normal,UTR25122300022407,,
rfnd_EH25121722410,refund,407000,INR,pay_EH25120500852,1765983480,,rcpt_20500852,processed,normal,normal,UTR25121700022410,,
rfnd_EH25121422445,refund,166000,INR,pay_EH25121300888,1765723080,,rcpt_21300888,processed,normal,normal,UTR25121400022445,,
rfnd_EH25122622471,refund,44000,INR,pay_EH25122400914,1766757720,,rcpt_22400914,processed,normal,normal,UTR25122600022471,,
rfnd_EH25122622501,refund,309000,INR,pay_EH25121400946,1766758920,,rcpt_21400946,processed,normal,normal,UTR25122600022501,,
rfnd_EH25123022511,refund,68000,INR,pay_EH25122800956,1767103800,,rcpt_22800956,processed,normal,normal,UTR25123000022511,,
rfnd_EH25122422532,refund,310000,INR,pay_EH25121900977,1766586780,,rcpt_21900977,processed,normal,normal,UTR25122400022532,,
rfnd_EH25121922536,refund,65000,INR,pay_EH25121600981,1766155020,,rcpt_21600981,processed,normal,normal,UTR25121900022536,,
rfnd_EH26010322537,refund,926000,INR,pay_EH25123100982,1767450600,,rcpt_23100982,processed,normal,normal,UTR26010300022537,,
rfnd_EH25120722584,refund,328000,INR,pay_EH25120401030,1765118760,,rcpt_20401030,processed,normal,normal,UTR25120700022584,,
rfnd_EH25121322585,refund,144000,INR,pay_EH25121001031,1765636740,,rcpt_21001031,processed,normal,normal,UTR25121300022585,,
rfnd_EH25122522593,refund,39000,INR,pay_EH25121901039,1766673360,,rcpt_21901039,processed,normal,normal,UTR25122500022593,,
rfnd_EH25122522636,refund,44000,INR,pay_EH25122001083,1766672520,,rcpt_22001083,processed,normal,normal,UTR25122500022636,,
rfnd_EH25122722650,refund,50000,INR,pay_EH25121801097,1766844060,,rcpt_21801097,processed,normal,normal,UTR25122700022650,,
rfnd_EH26011022672,refund,182000,INR,pay_EH25123101119,1768055100,,rcpt_23101119,processed,normal,normal,UTR26011000022672,,
rfnd_EH25122122701,refund,58000,INR,pay_EH25121301148,1766327820,,rcpt_21301148,processed,normal,normal,UTR25122100022701,,
rfnd_EH25123022709,refund,763000,INR,pay_EH25122401156,1767105300,,rcpt_22401156,processed,normal,normal,UTR25123000022709,,
rfnd_EH25121522745,refund,260000,INR,pay_EH25120301192,1765809960,,rcpt_20301192,processed,normal,normal,UTR25121500022745,,
rfnd_EH25122222750,refund,1069000,INR,pay_EH25122001197,1766414940,,rcpt_22001197,processed,normal,normal,UTR25122200022750,,
rfnd_EH25121822787,refund,641000,INR,pay_EH25121201234,1766068680,,rcpt_21201234,processed,normal,normal,UTR25121800022787,,
rfnd_EH25122722797,refund,104000,INR,pay_EH25122201245,1766844420,,rcpt_22201245,processed,normal,normal,UTR25122700022797,,
rfnd_EH25121722806,refund,218000,INR,pay_EH25121501254,1765982700,,rcpt_21501254,processed,normal,normal,UTR25121700022806,,
rfnd_EH26011022821,refund,58000,INR,pay_EH26010300009,1768055340,,rcpt_10300009,processed,normal,normal,UTR26011000022821,,
rfnd_EH26012922822,refund,145000,INR,pay_EH26011700010,1769697360,,rcpt_11700010,processed,normal,normal,UTR26012900022822,,
rfnd_EH26020422856,refund,128000,INR,pay_EH26012300044,1770214140,,rcpt_12300044,processed,normal,normal,UTR26020400022856,,
rfnd_EH26011022866,refund,155000,INR,pay_EH26010600054,1768056660,,rcpt_10600054,processed,normal,normal,UTR26011000022866,,
rfnd_EH26011322887,refund,196000,INR,pay_EH26010100075,1768314120,,rcpt_10100075,processed,normal,normal,UTR26011300022887,,
rfnd_EH26011322893,refund,292000,INR,pay_EH26010400081,1768314240,,rcpt_10400081,processed,normal,normal,UTR26011300022893,,
rfnd_EH26010422916,refund,477000,INR,pay_EH26010300104,1767538560,,rcpt_10300104,processed,normal,normal,UTR26010400022916,,
rfnd_EH26012722933,refund,281000,INR,pay_EH26012300121,1769522700,,rcpt_12300121,processed,normal,normal,UTR26012700022933,,
rfnd_EH26012122939,refund,190000,INR,pay_EH26011400127,1769004780,,rcpt_11400127,processed,normal,normal,UTR26012100022939,,
rfnd_EH26020822941,refund,60000,INR,pay_EH26012900129,1770559560,,rcpt_12900129,processed,normal,normal,UTR26020800022941,,
rfnd_EH26020922954,refund,619000,INR,pay_EH26012800142,1770647820,,rcpt_12800142,processed,normal,normal,UTR26020900022954,,
rfnd_EH26011622985,refund,75000,INR,pay_EH26011100173,1768573320,,rcpt_11100173,processed,normal,normal,UTR26011600022985,,
rfnd_EH26012423012,refund,89000,INR,pay_EH26012000201,1769265120,,rcpt_12000201,processed,normal,normal,UTR26012400023012,,
rfnd_EH26011023013,refund,520000,INR,pay_EH26010900202,1768056840,,rcpt_10900202,processed,normal,normal,UTR26011000023013,,
rfnd_EH26012523023,refund,125000,INR,pay_EH26012300212,1769351460,,rcpt_12300212,processed,normal,normal,UTR26012500023023,,
rfnd_EH26012423025,refund,293000,INR,pay_EH26011700214,1769264220,,rcpt_11700214,processed,normal,normal,UTR26012400023025,,
rfnd_EH26012823036,refund,112000,INR,pay_EH26012400225,1769610780,,rcpt_12400225,processed,normal,normal,UTR26012800023036,,
rfnd_EH26020623057,refund,73000,INR,pay_EH26012900246,1770387120,,rcpt_12900246,processed,normal,normal,UTR26020600023057,,
rfnd_EH26011823071,refund,212000,INR,pay_EH26011600260,1768745760,,rcpt_11600260,processed,normal,normal,UTR26011800023071,,
rfnd_EH26020423075,refund,971000,INR,pay_EH26012500264,1770217140,,rcpt_12500264,processed,normal,normal,UTR26020400023075,,
rfnd_EH26012023083,refund,716000,INR,pay_EH26011800272,1768919880,,rcpt_11800272,processed,normal,normal,UTR26012000023083,,
rfnd_EH26011823095,refund,241000,INR,pay_EH26011100284,1768745220,,rcpt_11100284,processed,normal,normal,UTR26011800023095,,
rfnd_EH26012723101,refund,65000,INR,pay_EH26012000290,1769524500,,rcpt_12000290,processed,normal,normal,UTR26012700023101,,
rfnd_EH26012523116,refund,77000,INR,pay_EH26011500305,1769352600,,rcpt_11500305,processed,normal,normal,UTR26012500023116,,
rfnd_EH26020723129,refund,632000,INR,pay_EH26012800318,1770475860,,rcpt_12800318,processed,normal,normal,UTR26020700023129,,
rfnd_EH26012023142,refund,322000,INR,pay_EH26011200331,1768918020,,rcpt_11200331,processed,normal,normal,UTR26012000023142,,
rfnd_EH26012323154,refund,68000,INR,pay_EH26011600343,1769177040,,rcpt_11600343,processed,normal,normal,UTR26012300023154,,
rfnd_EH26012723167,refund,559000,INR,pay_EH26012100356,1769522460,,rcpt_12100356,pending,normal,normal,UTR26012700023167,,
rfnd_EH26012123168,refund,442000,INR,pay_EH26011400357,1769007300,,rcpt_11400357,processed,normal,normal,UTR26012100023168,,
rfnd_EH26020423169,refund,182000,INR,pay_EH26012900358,1770214380,,rcpt_12900358,pending,normal,normal,UTR26020400023169,,
rfnd_EH26011423214,refund,741000,INR,pay_EH26010900403,1768401480,,rcpt_10900403,processed,normal,normal,UTR26011400023214,,
rfnd_EH26020423251,refund,784000,INR,pay_EH26012700440,1770216720,,rcpt_12700440,processed,normal,normal,UTR26020400023251,,
rfnd_EH26011423263,refund,570000,INR,pay_EH26011100452,1768402080,,rcpt_11100452,processed,normal,normal,UTR26011400023263,,
rfnd_EH26011523266,refund,50000,INR,pay_EH26010800455,1768486380,,rcpt_10800455,processed,normal,normal,UTR26011500023266,,
rfnd_EH26011123285,refund,306000,INR,pay_EH26010200474,1768142940,,rcpt_10200474,processed,normal,normal,UTR26011100023285,,
rfnd_EH26011323326,refund,253000,INR,pay_EH26011100515,1768313700,,rcpt_11100515,processed,normal,normal,UTR26011300023326,,
rfnd_EH26011023341,refund,77000,INR,pay_EH26010100530,1768055340,,rcpt_10100530,processed,normal,normal,UTR26011000023341,,
rfnd_EH26011923373,refund,796000,INR,pay_EH26010800563,1768834500,,rcpt_10800563,processed,normal,normal,UTR26011900023373,,
rfnd_EH26013123379,refund,163000,INR,pay_EH26012200569,1769868360,,rcpt_12200569,processed,normal,normal,UTR26013100023379,,
rfnd_EH26010623409,refund,130000,INR,pay_EH26010300600,1767708600,,rcpt_10300600,processed,normal,normal,UTR26010600023409,,
rfnd_EH26020323429,refund,109000,INR,pay_EH26012300620,1770127740,,rcpt_12300620,processed,normal,normal,UTR26020300023429,,
rfnd_EH26012623435,refund,59000,INR,pay_EH26012100626,1769436300,,rcpt_12100626,processed,normal,normal,UTR26012600023435,,
rfnd_EH26012323443,refund,499000,INR,pay_EH26011100635,1769179020,,rcpt_11100635,processed,normal,normal,UTR26012300023443,,
rfnd_EH26011223457,refund,404000,INR,pay_EH26010500649,1768226400,,rcpt_10500649,processed,normal,normal,UTR26011200023457,,
rfnd_EH26011123467,refund,175000,INR,pay_EH26010300659,1768141020,,rcpt_10300659,processed,normal,normal,UTR26011100023467,,
rfnd_EH26011123472,refund,61000,INR,pay_EH26010700664,1768140660,,rcpt_10700664,processed,normal,normal,UTR26011100023472,,
rfnd_EH26020323484,refund,439000,INR,pay_EH26012500676,1770127860,,rcpt_12500676,processed,normal,normal,UTR26020300023484,,
rfnd_EH26012223494,refund,222000,INR,pay_EH26011500686,1769092740,,rcpt_11500686,processed,normal,normal,UTR26012200023494,,
rfnd_EH26012323512,refund,529000,INR,pay_EH26011800704,1769178000,,rcpt_11800704,processed,normal,normal,UTR26012300023512,,
rfnd_EH26020523518,refund,1040000,INR,pay_EH26012700710,1770300180,,rcpt_12700710,processed,normal,normal,UTR26020500023518,,
rfnd_EH26012123540,refund,3528000,INR,pay_EH26011500732,1769007060,,rcpt_11500732,processed,normal,normal,UTR26012100023540,,
rfnd_EH26011823541,refund,445000,INR,pay_EH26011100733,1768746480,,rcpt_11100733,processed,normal,normal,UTR26011800023541,,
rfnd_EH26012523551,refund,619000,INR,pay_EH26011700744,1769352900,,rcpt_11700744,processed,normal,normal,UTR26012500023551,,
rfnd_EH26010523554,refund,245000,INR,pay_EH26010200747,1767623580,,rcpt_10200747,processed,normal,normal,UTR26010500023554,,
rfnd_EH26012923557,refund,416000,INR,pay_EH26012200750,1769698620,,rcpt_12200750,processed,normal,normal,UTR26012900023557,,
rfnd_EH26020323561,refund,615000,INR,pay_EH26013000754,1770128760,,rcpt_13000754,processed,normal,normal,UTR26020300023561,,
rfnd_EH26012223603,refund,87000,INR,pay_EH26012100796,1769092980,,rcpt_12100796,processed,normal,normal,UTR26012200023603,,
rfnd_EH26011823631,refund,188000,INR,pay_EH26011000824,1768744980,,rcpt_11000824,processed,normal,normal,UTR26011800023631,,
rfnd_EH26013023658,refund,436000,INR,pay_EH26011800851,1769781780,,rcpt_11800851,processed,normal,normal,UTR26013000023658,,
rfnd_EH26012723659,refund,1023000,INR,pay_EH26012300852,1769523960,,rcpt_12300852,processed,normal,normal,UTR26012700023659,,
rfnd_EH26012723665,refund,65000,INR,pay_EH26012400858,1769522460,,rcpt_12400858,processed,normal,normal,UTR26012700023665,,
rfnd_EH26011523677,refund,52000,INR,pay_EH26010300870,1768487820,,rcpt_10300870,processed,normal,normal,UTR26011500023677,,
rfnd_EH26020323679,refund,314000,INR,pay_EH26013100872,1770129720,,rcpt_13100872,processed,normal,normal,UTR26020300023679,,
rfnd_EH26020923709,refund,488000,INR,pay_EH26012800902,1770648060,,rcpt_12800902,processed,normal,normal,UTR26020900023709,,
rfnd_EH26012823740,refund,426000,INR,pay_EH26012000933,1769609460,,rcpt_12000933,processed,normal,normal,UTR26012800023740,,
rfnd_EH26020523741,refund,30000,INR,pay_EH26012400934,1770303060,,rcpt_12400934,processed,normal,normal,UTR26020500023741,,
rfnd_EH26012123758,refund,222000,INR,pay_EH26011400951,1769004300,,rcpt_11400951,processed,normal,normal,UTR26012100023758,,
rfnd_EH26020723760,refund,321000,INR,pay_EH26013000953,1770473340,,rcpt_13000953,processed,normal,normal,UTR26020700023760,,
rfnd_EH26020823762,refund,518000,INR,pay_EH26013000955,1770559560,,rcpt_13000955,processed,normal,normal,UTR26020800023762,,
rfnd_EH26011023774,refund,366000,INR,pay_EH26010200967,1768056360,,rcpt_10200967,processed,normal,normal,UTR26011000023774,,
rfnd_EH26022423815,refund,51000,INR,pay_EH26022300033,1771943760,,rcpt_22300033,processed,normal,normal,UTR26022400023815,,
rfnd_EH26020523822,refund,566000,INR,pay_EH26020200040,1770302160,,rcpt_20200040,processed,normal,normal,UTR26020500023822,,
rfnd_EH26030223854,refund,1686000,INR,pay_EH26022700072,1772461320,,rcpt_22700072,processed,normal,normal,UTR26030200023854,,
rfnd_EH26022623869,refund,926000,INR,pay_EH26021400087,1772114520,,rcpt_21400087,processed,normal,normal,UTR26022600023869,,
rfnd_EH26030423881,refund,113000,INR,pay_EH26022500099,1772634240,,rcpt_22500099,processed,normal,normal,UTR26030400023881,,
rfnd_EH26021323900,refund,66000,INR,pay_EH26020600118,1770991200,,rcpt_20600118,processed,normal,normal,UTR26021300023900,,
rfnd_EH26030623905,refund,410000,INR,pay_EH26022600123,1772807940,,rcpt_22600123,processed,normal,normal,UTR26030600023905,,
rfnd_EH26021223906,refund,250000,INR,pay_EH26021000124,1770907500,,rcpt_21000124,processed,normal,normal,UTR26021200023906,,
rfnd_EH26030823919,refund,368000,INR,pay_EH26022400137,1772980740,,rcpt_22400137,processed,normal,normal,UTR26030800023919,,
rfnd_EH26030223925,refund,275000,INR,pay_EH26022000143,1772461680,,rcpt_22000143,processed,normal,normal,UTR26030200023925,,
rfnd_EH26030623938,refund,202000,INR,pay_EH26022800156,1772808420,,rcpt_22800156,processed,normal,normal,UTR26030600023938,,
rfnd_EH26021223945,refund,220000,INR,pay_EH26020600163,1770908340,,rcpt_20600163,processed,normal,normal,UTR26021200023945,,
rfnd_EH26030323969,refund,166000,INR,pay_EH26022100187,1772549460,,rcpt_22100187,processed,normal,normal,UTR26030300023969,,
rfnd_EH26020923973,refund,521000,INR,pay_EH26020200191,1770646560,,rcpt_20200191,processed,normal,normal,UTR26020900023973,,
rfnd_EH26021324008,refund,53000,INR,pay_EH26020200226,1770993300,,rcpt_20200226,processed,normal,normal,UTR26021300024008,,
rfnd_EH26021524011,refund,209000,INR,pay_EH26020600229,1771165800,,rcpt_20600229,processed,normal,normal,UTR26021500024011,,
rfnd_EH26022224012,refund,114000,INR,pay_EH26021300230,1771771380,,rcpt_21300230,processed,normal,normal,UTR26022200024012,,
rfnd_EH26022824046,refund,37000,INR,pay_EH26022700264,1772288820,,rcpt_22700264,processed,normal,normal,UTR26022800024046,,
rfnd_EH26021724060,refund,228000,INR,pay_EH26021000278,1771337580,,rcpt_21000278,processed,normal,normal,UTR26021700024060,,
rfnd_EH26022224070,refund,121000,INR,pay_EH26022000288,1771769040,,rcpt_22000288,processed,normal,normal,UTR26022200024070,,
rfnd_EH26021624092,refund,232000,INR,pay_EH26020400310,1771253460,,rcpt_20400310,processed,normal,normal,UTR26021600024092,,
rfnd_EH26022724095,refund,571000,INR,pay_EH26021700314,1772201940,,rcpt_21700314,processed,normal,normal,UTR26022700024095,,
rfnd_EH26030124106,refund,261000,INR,pay_EH26022500325,1772374860,,rcpt_22500325,processed,normal,normal,UTR26030100024106,,
rfnd_EH26030424114,refund,160000,INR,pay_EH26022200334,1772633940,,rcpt_22200334,processed,normal,normal,UTR26030400024114,,
rfnd_EH26021924121,refund,350000,INR,pay_EH26021000341,1771509960,,rcpt_21000341,processed,normal,normal,UTR26021900024121,,
rfnd_EH26022124123,refund,539000,INR,pay_EH26021800343,1771685100,,rcpt_21800343,processed,normal,normal,UTR26022100024123,,
rfnd_EH26030124135,refund,127000,INR,pay_EH26022400355,1772376240,,rcpt_22400355,processed,normal,normal,UTR26030100024135,,
rfnd_EH26022524136,refund,372000,INR,pay_EH26022300356,1772030220,,rcpt_22300356,processed,normal,normal,UTR26022500024136,,
rfnd_EH26022324143,refund,226000,INR,pay_EH26021100363,1771856820,,rcpt_21100363,processed,normal,normal,UTR26022300024143,,
rfnd_EH26021824193,refund,77000,INR,pay_EH26020600416,1771424700,,rcpt_20600416,processed,normal,normal,UTR26021800024193,,
rfnd_EH26020924196,refund,261000,INR,pay_EH26020800419,1770648900,,rcpt_20800419,processed,normal,normal,UTR26020900024196,,
rfnd_EH26020824231,refund,121000,INR,pay_EH26020400454,1770562140,,rcpt_20400454,processed,normal,normal,UTR26020800024231,,
rfnd_EH26021824253,refund,38000,INR,pay_EH26020600476,1771426260,,rcpt_20600476,processed,normal,normal,UTR26021800024253,,
rfnd_EH26022424288,refund,590000,INR,pay_EH26021900512,1771944960,,rcpt_21900512,pending,normal,normal,UTR26022400024288,,
rfnd_EH26030424312,refund,1206000,INR,pay_EH26022300536,1772633880,,rcpt_22300536,processed,normal,normal,UTR26030400024312,,
rfnd_EH26030724325,refund,374000,INR,pay_EH26022800549,1772893800,,rcpt_22800549,processed,normal,normal,UTR26030700024325,,
rfnd_EH26021924337,refund,114000,INR,pay_EH26021300561,1771510740,,rcpt_21300561,processed,normal,normal,UTR26021900024337,,
rfnd_EH26030724374,refund,741000,INR,pay_EH26022500599,1772894160,,rcpt_22500599,processed,normal,normal,UTR26030700024374,,
rfnd_EH26022324385,refund,700000,INR,pay_EH26021500610,1771856220,,rcpt_21500610,processed,normal,normal,UTR26022300024385,,
rfnd_EH26031224401,refund,32000,INR,pay_EH26022800626,1773325260,,rcpt_22800626,processed,normal,normal,UTR26031200024401,,
rfnd_EH26022824403,refund,231000,INR,pay_EH26022500628,1772290500,,rcpt_22500628,processed,normal,normal,UTR26022800024403,,
rfnd_EH26022024406,refund,76000,INR,pay_EH26021500631,1771597980,,rcpt_21500631,processed,normal,normal,UTR26022000024406,,
rfnd_EH26021724423,refund,794000,INR,pay_EH26021100648,1771339680,,rcpt_21100648,processed,normal,normal,UTR26021700024423,,
rfnd_EH26021924449,refund,49000,INR,pay_EH26021300674,1771512480,,rcpt_21300674,processed,normal,normal,UTR26021900024449,,
rfnd_EH26022324459,refund,866000,INR,pay_EH26021900684,1771858560,,rcpt_21900684,processed,normal,normal,UTR26022300024459,,
rfnd_EH26022124464,refund,68000,INR,pay_EH26021600689,1771682940,,rcpt_21600689,processed,normal,normal,UTR26022100024464,,
rfnd_EH26022524487,refund,929000,INR,pay_EH26021400712,1772029380,,rcpt_21400712,processed,normal,normal,UTR26022500024487,,
rfnd_EH26020524498,refund,220000,INR,pay_EH26020400723,1770302340,,rcpt_20400723,processed,normal,normal,UTR26020500024498,,
rfnd_EH26020824563,refund,145000,INR,pay_EH26020300788,1770559740,,rcpt_20300788,processed,normal,normal,UTR26020800024563,,
rfnd_EH26030324587,refund,289000,INR,pay_EH26022600812,1772549520,,rcpt_22600812,processed,normal,normal,UTR26030300024587,,
rfnd_EH26030224614,refund,170000,INR,pay_EH26022100841,1772462160,,rcpt_22100841,processed,normal,normal,UTR26030200024614,,
rfnd_EH26022624648,refund,39000,INR,pay_EH26021800875,1772115300,,rcpt_21800875,processed,normal,normal,UTR26022600024648,,
rfnd_EH26022224655,refund,72000,INR,pay_EH26021400882,1771770120,,rcpt_21400882,processed,normal,normal,UTR26022200024655,,
rfnd_EH26030424663,refund,867000,INR,pay_EH26022800890,1772636280,,rcpt_22800890,processed,normal,normal,UTR26030400024663,,
rfnd_EH26020524667,refund,385000,INR,pay_EH26020400894,1770302760,,rcpt_20400894,processed,normal,normal,UTR26020500024667,,
rfnd_EH26022324679,refund,68000,INR,pay_EH26022000906,1771858020,,rcpt_22000906,processed,normal,normal,UTR26022300024679,,
rfnd_EH26030724685,refund,466000,INR,pay_EH26022600912,1772892720,,rcpt_22600912,processed,normal,normal,UTR26030700024685,,
rfnd_EH26022424700,refund,147000,INR,pay_EH26022300927,1771944360,,rcpt_22300927,processed,normal,normal,UTR26022400024700,,
rfnd_EH26030524707,refund,111000,INR,pay_EH26022500934,1772720220,,rcpt_22500934,processed,normal,normal,UTR26030500024707,,
rfnd_EH26020824708,refund,293000,INR,pay_EH26020700935,1770560820,,rcpt_20700935,processed,normal,normal,UTR26020800024708,,
rfnd_EH26021824742,refund,259000,INR,pay_EH26021300969,1771423620,,rcpt_21300969,processed,normal,normal,UTR26021800024742,,
rfnd_EH26021524749,refund,402000,INR,pay_EH26021400976,1771166580,,rcpt_21400976,processed,normal,normal,UTR26021500024749,,
rfnd_EH26030124758,refund,34000,INR,pay_EH26021900986,1772375220,,rcpt_21900986,processed,normal,normal,UTR26030100024758,,
rfnd_EH26021524781,refund,317000,INR,pay_EH26020401010,1771165140,,rcpt_20401010,processed,normal,normal,UTR26021500024781,,
rfnd_EH26032524868,refund,354000,INR,pay_EH26031300029,1774448880,,rcpt_31300029,processed,normal,normal,UTR26032500024868,,
rfnd_EH26033024889,refund,2654000,INR,pay_EH26031800050,1774879620,,rcpt_31800050,processed,normal,normal,UTR26033000024889,,
rfnd_EH26033124911,refund,388000,INR,pay_EH26032600072,1774968600,,rcpt_32600072,processed,normal,normal,UTR26033100024911,,
rfnd_EH26033124915,refund,48000,INR,pay_EH26032500076,1774965900,,rcpt_32500076,processed,normal,normal,UTR26033100024915,,
rfnd_EH26032224960,refund,343000,INR,pay_EH26031600122,1774190460,,rcpt_31600122,processed,normal,normal,UTR26032200024960,,
rfnd_EH26031424963,refund,612000,INR,pay_EH26030300125,1773499680,,rcpt_30300125,processed,normal,normal,UTR26031400024963,,
rfnd_EH26032925010,refund,88000,INR,pay_EH26031900172,1774792860,,rcpt_31900172,processed,normal,normal,UTR26032900025010,,
rfnd_EH26032725011,refund,48000,INR,pay_EH26032100173,1774623540,,rcpt_32100173,processed,normal,normal,UTR26032700025011,,
rfnd_EH26032725025,refund,468000,INR,pay_EH26032200187,1774620120,,rcpt_32200187,processed,normal,normal,UTR26032700025025,,
rfnd_EH26032025038,refund,205000,INR,pay_EH26031200200,1774015800,,rcpt_31200200,processed,normal,normal,UTR26032000025038,,
rfnd_EH26041025044,refund,416000,INR,pay_EH26032900206,1775830320,,rcpt_32900206,processed,normal,normal,UTR26041000025044,,
rfnd_EH26032125060,refund,62000,INR,pay_EH26031400222,1774105140,,rcpt_31400222,processed,normal,normal,UTR26032100025060,,
rfnd_EH26031825067,refund,430000,INR,pay_EH26031600229,1773844620,,rcpt_31600229,processed,normal,normal,UTR26031800025067,,
rfnd_EH26031025079,refund,88000,INR,pay_EH26030400241,1773151320,,rcpt_30400241,processed,normal,normal,UTR26031000025079,,
rfnd_EH26031325094,refund,260000,INR,pay_EH26031000256,1773412140,,rcpt_31000256,processed,normal,normal,UTR26031300025094,,
rfnd_EH26031825102,refund,480000,INR,pay_EH26030800264,1773845640,,rcpt_30800264,processed,normal,normal,UTR26031800025102,,
rfnd_EH26040625107,refund,631000,INR,pay_EH26032600269,1775486100,,rcpt_32600269,processed,normal,normal,UTR26040600025107,,
rfnd_EH26032925112,refund,413000,INR,pay_EH26032300274,1774793040,,rcpt_32300274,processed,normal,normal,UTR26032900025112,,
rfnd_EH26031525118,refund,402000,INR,pay_EH26030600280,1773583560,,rcpt_30600280,processed,normal,normal,UTR26031500025118,,
rfnd_EH26032825182,refund,1218000,INR,pay_EH26031800346,1774709340,,rcpt_31800346,processed,normal,normal,UTR26032800025182,,
rfnd_EH26032325191,refund,134000,INR,pay_EH26032000355,1774276740,,rcpt_32000355,processed,normal,normal,UTR26032300025191,,
rfnd_EH26040625204,refund,399000,INR,pay_EH26032800368,1775484480,,rcpt_32800368,processed,normal,normal,UTR26040600025204,,
rfnd_EH26031525217,refund,679000,INR,pay_EH26030900381,1773585840,,rcpt_30900381,processed,normal,normal,UTR26031500025217,,
rfnd_EH26040925235,refund,433000,INR,pay_EH26033100399,1775745840,,rcpt_33100399,processed,normal,normal,UTR26040900025235,,
rfnd_EH26031325241,refund,91000,INR,pay_EH26030400405,1773411720,,rcpt_30400405,processed,normal,normal,UTR26031300025241,,
rfnd_EH26031625244,refund,308000,INR,pay_EH26030600408,1773670980,,rcpt_30600408,processed,normal,normal,UTR26031600025244,,
rfnd_EH26031725290,refund,108000,INR,pay_EH26030700454,1773759540,,rcpt_30700454,processed,normal,normal,UTR26031700025290,,
rfnd_EH26032025306,refund,321000,INR,pay_EH26031200471,1774017120,,rcpt_31200471,processed,normal,normal,UTR26032000025306,,
rfnd_EH26032725330,refund,443000,INR,pay_EH26032200496,1774620480,,rcpt_32200496,processed,normal,normal,UTR26032700025330,,
rfnd_EH26032325343,refund,249000,INR,pay_EH26031900509,1774276320,,rcpt_31900509,processed,normal,normal,UTR26032300025343,,
rfnd_EH26031825347,refund,37000,INR,pay_EH26031500513,1773844620,,rcpt_31500513,processed,normal,normal,UTR26031800025347,,
rfnd_EH26040525364,refund,634000,INR,pay_EH26032800530,1775397900,,rcpt_32800530,processed,normal,normal,UTR26040500025364,,
rfnd_EH26032525390,refund,74000,INR,pay_EH26031400556,1774447320,,rcpt_31400556,processed,normal,normal,UTR26032500025390,,
rfnd_EH26032225415,refund,475000,INR,pay_EH26031700581,1774189800,,rcpt_31700581,processed,normal,normal,UTR26032200025415,,
rfnd_EH26031225423,refund,167000,INR,pay_EH26031100589,1773325500,,rcpt_31100589,processed,normal,normal,UTR26031200025423,,
rfnd_EH26032925434,refund,997000,INR,pay_EH26032500600,1774794060,,rcpt_32500600,processed,normal,normal,UTR26032900025434,,
rfnd_EH26031425436,refund,311000,INR,pay_EH26030900602,1773500040,,rcpt_30900602,processed,normal,normal,UTR26031400025436,,
rfnd_EH26040525457,refund,200000,INR,pay_EH26032600623,1775398980,,rcpt_32600623,processed,normal,normal,UTR26040500025457,,
rfnd_EH26031525468,refund,180000,INR,pay_EH26030300634,1773584760,,rcpt_30300634,processed,normal,normal,UTR26031500025468,,
rfnd_EH26032525470,refund,92000,INR,pay_EH26031800636,1774449420,,rcpt_31800636,processed,normal,normal,UTR26032500025470,,
rfnd_EH26033025481,refund,2409000,INR,pay_EH26032400647,1774882140,,rcpt_32400647,processed,normal,normal,UTR26033000025481,,
rfnd_EH26040725493,refund,286000,INR,pay_EH26033100659,1775572380,,rcpt_33100659,processed,normal,normal,UTR26040700025493,,
rfnd_EH26040925505,refund,121000,INR,pay_EH26033000671,1775744940,,rcpt_33000671,processed,normal,normal,UTR26040900025505,,
rfnd_EH26040525515,refund,525000,INR,pay_EH26033100681,1775401140,,rcpt_33100681,processed,normal,normal,UTR26040500025515,,
rfnd_EH26032525517,refund,262000,INR,pay_EH26031900683,1774447380,,rcpt_31900683,processed,normal,normal,UTR26032500025517,,
rfnd_EH26040725520,refund,218000,INR,pay_EH26032900686,1775572680,,rcpt_32900686,processed,normal,normal,UTR26040700025520,,
rfnd_EH26032625522,refund,344000,INR,pay_EH26032300688,1774537140,,rcpt_32300688,processed,normal,normal,UTR26032600025522,,
rfnd_EH26031625553,refund,285000,INR,pay_EH26030700719,1773672360,,rcpt_30700719,processed,normal,normal,UTR26031600025553,,
rfnd_EH26031225570,refund,667000,INR,pay_EH26030400736,1773324660,,rcpt_30400736,processed,normal,normal,UTR26031200025570,,
rfnd_EH26031125589,refund,51000,INR,pay_EH26030200755,1773240000,,rcpt_30200755,processed,normal,normal,UTR26031100025589,,
rfnd_EH26030925630,refund,1120000,INR,pay_EH26030500797,1773068340,,rcpt_30500797,processed,normal,normal,UTR26030900025630,,
rfnd_EH26040325634,refund,230000,INR,pay_EH26032800801,1775227980,,rcpt_32800801,processed,normal,normal,UTR26040300025634,,
rfnd_EH26032925661,refund,497000,INR,pay_EH26032200829,1774792920,,rcpt_32200829,processed,normal,normal,UTR26032900025661,,
rfnd_EH26030725688,refund,232000,INR,pay_EH26030200856,1772894460,,rcpt_30200856,processed,normal,normal,UTR26030700025688,,
rfnd_EH26040125692,refund,285000,INR,pay_EH26032500860,1775055480,,rcpt_32500860,processed,normal,normal,UTR26040100025692,,
rfnd_EH26040125694,refund,247000,INR,pay_EH26032300862,1775053260,,rcpt_32300862,processed,normal,normal,UTR26040100025694,,
rfnd_EH26040225698,refund,126000,INR,pay_EH26032900866,1775140080,,rcpt_32900866,processed,normal,normal,UTR26040200025698,,
rfnd_EH26032025702,refund,188000,INR,pay_EH26031400870,1774018380,,rcpt_31400870,processed,normal,normal,UTR26032000025702,,
rfnd_EH26031025710,refund,185000,INR,pay_EH26030700878,1773154140,,rcpt_30700878,processed,normal,normal,UTR26031000025710,,
rfnd_EH26040225724,refund,185000,INR,pay_EH26032100892,1775140440,,rcpt_32100892,processed,normal,normal,UTR26040200025724,,
rfnd_EH26032125736,refund,251000,INR,pay_EH26031900904,1774102920,,rcpt_31900904,processed,normal,normal,UTR26032100025736,,
rfnd_EH26031625751,refund,338000,INR,pay_EH26031500919,1773672300,,rcpt_31500919,processed,normal,normal,UTR26031600025751,,
rfnd_EH26040125763,refund,250000,INR,pay_EH26032300931,1775055120,,rcpt_32300931,processed,normal,normal,UTR26040100025763,,
rfnd_EH26031825782,refund,382000,INR,pay_EH26031400951,1773842400,,rcpt_31400951,processed,normal,normal,UTR26031800025782,,
rfnd_EH26032725806,refund,392000,INR,pay_EH26031700975,1774621740,,rcpt_31700975,processed,normal,normal,UTR26032700025806,,
rfnd_EH26032925812,refund,358000,INR,pay_EH26032700981,1774794060,,rcpt_32700981,processed,normal,normal,UTR26032900025812,,
rfnd_EH26031525816,refund,277000,INR,pay_EH26031300985,1773583440,,rcpt_31300985,processed,normal,normal,UTR26031500025816,,
rfnd_EH26031625826,refund,705000,INR,pay_EH26030700995,1773673020,,rcpt_30700995,processed,normal,normal,UTR26031600025826,,
rfnd_EH26040225832,refund,59000,INR,pay_EH26032501001,1775139960,,rcpt_32501001,processed,normal,normal,UTR26040200025832,,
rfnd_EH26040425835,refund,74000,INR,pay_EH26033101004,1775314200,,rcpt_33101004,processed,normal,normal,UTR26040400025835,,
rfnd_EH26030725844,refund,744000,INR,pay_EH26030201013,1772892420,,rcpt_30201013,processed,normal,normal,UTR26030700025844,,
rfnd_EH26032325859,refund,272000,INR,pay_EH26031801028,1774276320,,rcpt_31801028,processed,normal,normal,UTR26032300025859,,
rfnd_EH26031325860,refund,423000,INR,pay_EH26030401029,1773411000,,rcpt_30401029,processed,normal,normal,UTR26031300025860,,
rfnd_EH26031725872,refund,35000,INR,pay_EH26031101041,1773758820,,rcpt_31101041,processed,normal,normal,UTR26031700025872,,
rfnd_EH26033125881,refund,720000,INR,pay_EH26032501050,1774965720,,rcpt_32501050,processed,normal,normal,UTR26033100025881,,
rfnd_EH26040825884,refund,108000,INR,pay_EH26032801053,1775657400,,rcpt_32801053,processed,normal,normal,UTR26040800025884,,
rfnd_EH26040125888,refund,1187000,INR,pay_EH26032701057,1775054220,,rcpt_32701057,processed,normal,normal,UTR26040100025888,,
rfnd_EH26040125895,refund,43000,INR,pay_EH26032701064,1775052240,,rcpt_32701064,processed,normal,normal,UTR26040100025895,,
rfnd_EH26050525910,refund,220000,INR,pay_EH26042700004,1777991160,,rcpt_42700004,processed,normal,normal,UTR26050500025910,,
rfnd_EH26050525949,refund,31000,INR,pay_EH26043000045,1777989660,,rcpt_43000045,processed,normal,normal,UTR26050500025949,,
rfnd_EH26041125951,refund,46000,INR,pay_EH26040100047,1775916240,,rcpt_40100047,processed,normal,normal,UTR26041100025951,,
rfnd_EH26042325984,refund,505000,INR,pay_EH26042000080,1776954840,,rcpt_42000080,processed,normal,normal,UTR26042300025984,,
rfnd_EH26041026026,refund,765000,INR,pay_EH26040500123,1775830320,,rcpt_40500123,processed,normal,normal,UTR26041000026026,,
rfnd_EH26042426055,refund,112000,INR,pay_EH26041600152,1777042200,,rcpt_41600152,processed,normal,normal,UTR26042400026055,,
rfnd_EH26040626066,refund,578000,INR,pay_EH26040200164,1775486460,,rcpt_40200164,processed,normal,normal,UTR26040600026066,,
rfnd_EH26041126080,refund,485000,INR,pay_EH26040200178,1775916180,,rcpt_40200178,processed,normal,normal,UTR26041100026080,,
rfnd_EH26042626093,refund,45000,INR,pay_EH26041700191,1777212180,,rcpt_41700191,processed,normal,normal,UTR26042600026093,,
rfnd_EH26041926117,refund,169000,INR,pay_EH26041300216,1776610260,,rcpt_41300216,processed,normal,normal,UTR26041900026117,,
rfnd_EH26041126127,refund,98000,INR,pay_EH26040900226,1775917620,,rcpt_40900226,processed,normal,normal,UTR26041100026127,,
rfnd_EH26050826139,refund,1020000,INR,pay_EH26042700238,1778251440,,rcpt_42700238,processed,normal,normal,UTR26050800026139,,
rfnd_EH26042926162,refund,108000,INR,pay_EH26042300262,1777472640,,rcpt_42300262,processed,normal,normal,UTR26042900026162,,
rfnd_EH26042326165,refund,259000,INR,pay_EH26041100265,1776955620,,rcpt_41100265,processed,normal,normal,UTR26042300026165,,
rfnd_EH26041226172,refund,771000,INR,pay_EH26040300272,1776003600,,rcpt_40300272,processed,normal,normal,UTR26041200026172,,
rfnd_EH26041226180,refund,177000,INR,pay_EH26040700280,1776003120,,rcpt_40700280,processed,normal,normal,UTR26041200026180,,
rfnd_EH26050526224,refund,57000,INR,pay_EH26043000324,1777991280,,rcpt_43000324,processed,normal,normal,UTR26050500026224,,
rfnd_EH26043026228,refund,303000,INR,pay_EH26042900328,1777558020,,rcpt_42900328,processed,normal,normal,UTR26043000026228,,
rfnd_EH26042226231,refund,807000,INR,pay_EH26041000331,1776867180,,rcpt_41000331,processed,normal,normal,UTR26042200026231,,
rfnd_EH26042326238,refund,180000,INR,pay_EH26041200338,1776955920,,rcpt_41200338,processed,normal,normal,UTR26042300026238,,
rfnd_EH26041026242,refund,407000,INR,pay_EH26040600342,1775832000,,rcpt_40600342,processed,normal,normal,UTR26041000026242,,
rfnd_EH26050526266,refund,198000,INR,pay_EH26042900366,1777992120,,rcpt_42900366,processed,normal,normal,UTR26050500026266,,
rfnd_EH26041926283,refund,389000,INR,pay_EH26040800383,1776609900,,rcpt_40800383,processed,normal,normal,UTR26041900026283,,
rfnd_EH26040326304,refund,47000,INR,pay_EH26040200404,1775225820,,rcpt_40200404,processed,normal,normal,UTR26040300026304,,
rfnd_EH26043026345,refund,156000,INR,pay_EH26041800445,1777558380,,rcpt_41800445,processed,normal,normal,UTR26043000026345,,
rfnd_EH26042526363,refund,283000,INR,pay_EH26041400463,1777128360,,rcpt_41400463,processed,normal,normal,UTR26042500026363,,
rfnd_EH26042626405,refund,241000,INR,pay_EH26041500505,1777212000,,rcpt_41500505,processed,normal,normal,UTR26042600026405,,
rfnd_EH26042726446,refund,345000,INR,pay_EH26042300546,1777299660,,rcpt_42300546,processed,normal,normal,UTR26042700026446,,
rfnd_EH26051026447,refund,182000,INR,pay_EH26042900547,1778424720,,rcpt_42900547,processed,normal,normal,UTR26051000026447,,
rfnd_EH26041026514,refund,262000,INR,pay_EH26040600615,1775832960,,rcpt_40600615,processed,normal,normal,UTR26041000026514,,
rfnd_EH26043026519,refund,144000,INR,pay_EH26042500620,1777559880,,rcpt_42500620,processed,normal,normal,UTR26043000026519,,
rfnd_EH26040626531,refund,74000,INR,pay_EH26040200632,1775485320,,rcpt_40200632,pending,normal,normal,UTR26040600026531,,
rfnd_EH26042426537,refund,4814000,INR,pay_EH26042100638,1777040820,,rcpt_42100638,processed,normal,normal,UTR26042400026537,,
rfnd_EH26042526543,refund,149000,INR,pay_EH26041800644,1777127700,,rcpt_41800644,processed,normal,normal,UTR26042500026543,,
rfnd_EH26042126551,refund,202000,INR,pay_EH26041200652,1776781800,,rcpt_41200652,processed,normal,normal,UTR26042100026551,,
rfnd_EH26042326558,refund,1196000,INR,pay_EH26041800659,1776954720,,rcpt_41800659,processed,normal,normal,UTR26042300026558,,
rfnd_EH26041826575,refund,183000,INR,pay_EH26040800676,1776523260,,rcpt_40800676,processed,normal,normal,UTR26041800026575,,
rfnd_EH26042226577,refund,261000,INR,pay_EH26042100678,1776866760,,rcpt_42100678,processed,normal,normal,UTR26042200026577,,
rfnd_EH26041326582,refund,990000,INR,pay_EH26041000683,1776090960,,rcpt_41000683,processed,normal,normal,UTR26041300026582,,
rfnd_EH26040926634,refund,999000,INR,pay_EH26040200735,1775745420,,rcpt_40200735,processed,normal,normal,UTR26040900026634,,
rfnd_EH26042826636,refund,734000,INR,pay_EH26042100737,1777385520,,rcpt_42100737,processed,normal,normal,UTR26042800026636,,
rfnd_EH26050626643,refund,101000,INR,pay_EH26043000744,1778078220,,rcpt_43000744,processed,normal,normal,UTR26050600026643,,
rfnd_EH26041526658,refund,691000,INR,pay_EH26041200759,1776265140,,rcpt_41200759,processed,normal,normal,UTR26041500026658,,
rfnd_EH26040526694,refund,760000,INR,pay_EH26040300795,1775397720,,rcpt_40300795,processed,normal,normal,UTR26040500026694,,
rfnd_EH26040826705,refund,339000,INR,pay_EH26040300806,1775657580,,rcpt_40300806,processed,normal,normal,UTR26040800026705,,
rfnd_EH26042926750,refund,345000,INR,pay_EH26042800851,1777474440,,rcpt_42800851,processed,normal,normal,UTR26042900026750,,
rfnd_EH26041526756,refund,235000,INR,pay_EH26041100857,1776264960,,rcpt_41100857,processed,normal,normal,UTR26041500026756,,
rfnd_EH26042226759,refund,740000,INR,pay_EH26041200860,1776868440,,rcpt_41200860,processed,normal,normal,UTR26042200026759,,
rfnd_EH26041526781,refund,64000,INR,pay_EH26041100882,1776263280,,rcpt_41100882,processed,normal,normal,UTR26041500026781,,
rfnd_EH26050126785,refund,104000,INR,pay_EH26042900886,1777645980,,rcpt_42900886,processed,normal,normal,UTR26050100026785,,
rfnd_EH26050526788,refund,250000,INR,pay_EH26042800889,1777991340,,rcpt_42800889,processed,normal,normal,UTR26050500026788,,
rfnd_EH26040826809,refund,33000,INR,pay_EH26040200910,1775659140,,rcpt_40200910,processed,normal,normal,UTR26040800026809,,
rfnd_EH26042226810,refund,310000,INR,pay_EH26042100911,1776866400,,rcpt_42100911,processed,normal,normal,UTR26042200026810,,
rfnd_EH26042826870,refund,81000,INR,pay_EH26042200971,1777387380,,rcpt_42200971,processed,normal,normal,UTR26042800026870,,
rfnd_EH26041426872,refund,1135000,INR,pay_EH26041000973,1776175260,,rcpt_41000973,processed,normal,normal,UTR26041400026872,,
rfnd_EH26042426882,refund,129000,INR,pay_EH26042100983,1777042740,,rcpt_42100983,processed,normal,normal,UTR26042400026882,,
rfnd_EH26041326903,refund,947000,INR,pay_EH26040901004,1776088800,,rcpt_40901004,processed,normal,normal,UTR26041300026903,,
rfnd_EH26042526910,refund,893000,INR,pay_EH26041901011,1777126560,,rcpt_41901011,processed,normal,normal,UTR26042500026910,,
rfnd_EH26042026937,refund,302000,INR,pay_EH26040901039,1776696300,,rcpt_40901039,processed,normal,normal,UTR26042000026937,,
rfnd_EH26041127007,refund,494000,INR,pay_EH26040101110,1775918820,,rcpt_40101110,processed,normal,normal,UTR26041100027007,,
rfnd_EH26041727025,refund,395000,INR,pay_EH26040901129,1776436260,,rcpt_40901129,processed,normal,normal,UTR26041700027025,,
rfnd_EH26042427028,refund,552000,INR,pay_EH26041201132,1777040700,,rcpt_41201132,processed,normal,normal,UTR26042400027028,,
rfnd_EH26040727034,refund,40000,INR,pay_EH26040401138,1775572620,,rcpt_40401138,processed,normal,normal,UTR26040700027034,,
rfnd_EH26042527053,refund,493000,INR,pay_EH26042201157,1777126440,,rcpt_42201157,processed,normal,normal,UTR26042500027053,,
rfnd_EH26040427057,refund,219000,INR,pay_EH26040101161,1775313540,,rcpt_40101161,processed,normal,normal,UTR26040400027057,,
rfnd_EH26041027069,refund,111000,INR,pay_EH26040401173,1775830860,,rcpt_40401173,processed,normal,normal,UTR26041000027069,,
rfnd_EH26050127103,refund,108000,INR,pay_EH26042301209,1777646100,,rcpt_42301209,processed,normal,normal,UTR26050100027103,,
rfnd_EH26052327128,refund,119552,INR,pay_EH26051200011,1779547680,,rcpt_51200011,processed,normal,normal,UTR26052300027128,,
rfnd_EH26060427129,refund,279556,INR,pay_EH26052700012,1780584120,,rcpt_52700012,processed,normal,normal,UTR26060400027129,,
rfnd_EH26050627136,refund,33000,INR,pay_EH26050500019,1778076600,,rcpt_50500019,processed,normal,normal,UTR26050600027136,,
rfnd_EH26051027156,refund,180359,INR,pay_EH26050700039,1778424900,,rcpt_50700039,processed,normal,normal,UTR26051000027156,,
rfnd_EH26052027186,refund,141968,INR,pay_EH26050900069,1779289020,,rcpt_50900069,processed,normal,normal,UTR26052000027186,,
rfnd_EH26052427205,refund,224417,INR,pay_EH26051700088,1779634140,,rcpt_51700088,processed,normal,normal,UTR26052400027205,,
rfnd_EH26051727225,refund,23000,INR,pay_EH26050600108,1779029460,,rcpt_50600108,processed,normal,normal,UTR26051700027225,,
rfnd_EH26052927226,refund,65000,INR,pay_EH26052100109,1780063260,,rcpt_52100109,processed,normal,normal,UTR26052900027226,,
rfnd_EH26051927232,refund,51000,INR,pay_EH26050800115,1779202200,,rcpt_50800115,processed,normal,normal,UTR26051900027232,,
rfnd_EH26052027242,refund,104093,INR,pay_EH26051800125,1779289020,,rcpt_51800125,processed,normal,normal,UTR26052000027242,,
rfnd_EH26051927249,refund,427000,INR,pay_EH26051300132,1779199680,,rcpt_51300132,processed,normal,normal,UTR26051900027249,,
rfnd_EH26052127256,refund,245030,INR,pay_EH26051300139,1779374220,,rcpt_51300139,processed,normal,normal,UTR26052100027256,,
rfnd_EH26052227261,refund,121098,INR,pay_EH26051400144,1779461940,,rcpt_51400144,processed,normal,normal,UTR26052200027261,,
rfnd_EH26060527317,refund,144545,INR,pay_EH26052500200,1780669260,,rcpt_52500200,processed,normal,normal,UTR26060500027317,,
rfnd_EH26050727324,refund,35000,INR,pay_EH26050600207,1778162760,,rcpt_50600207,processed,normal,normal,UTR26050700027324,,
rfnd_EH26053127351,refund,71000,INR,pay_EH26052600234,1780238880,,rcpt_52600234,processed,normal,normal,UTR26053100027351,,
rfnd_EH26052827355,refund,118521,INR,pay_EH26051900238,1779980340,,rcpt_51900238,processed,normal,normal,UTR26052800027355,,
rfnd_EH26052027369,refund,572000,INR,pay_EH26051500252,1779285840,,rcpt_51500252,processed,normal,normal,UTR26052000027369,,
rfnd_EH26053127374,refund,240135,INR,pay_EH26052300257,1780238700,,rcpt_52300257,processed,normal,normal,UTR26053100027374,,
rfnd_EH26052027377,refund,118779,INR,pay_EH26050800260,1779287700,,rcpt_50800260,processed,normal,normal,UTR26052000027377,,
rfnd_EH26051227389,refund,44000,INR,pay_EH26051100272,1778594580,,rcpt_51100272,processed,normal,normal,UTR26051200027389,,
rfnd_EH26052227391,refund,113368,INR,pay_EH26051200274,1779459000,,rcpt_51200274,processed,normal,normal,UTR26052200027391,,
rfnd_EH26052627397,refund,88000,INR,pay_EH26052200280,1779807180,,rcpt_52200280,processed,normal,normal,UTR26052600027397,,
rfnd_EH26051727403,refund,79000,INR,pay_EH26050600286,1779029220,,rcpt_50600286,processed,normal,normal,UTR26051700027403,,
rfnd_EH26060327405,refund,32000,INR,pay_EH26052700288,1780497900,,rcpt_52700288,processed,normal,normal,UTR26060300027405,,
rfnd_EH26060627408,refund,232405,INR,pay_EH26052800291,1780756380,,rcpt_52800291,processed,normal,normal,UTR26060600027408,,
rfnd_EH26051627427,refund,45000,INR,pay_EH26050800310,1778941740,,rcpt_50800310,processed,normal,normal,UTR26051600027427,,
rfnd_EH26051527432,refund,85000,INR,pay_EH26051000315,1778853780,,rcpt_51000315,processed,normal,normal,UTR26051500027432,,
rfnd_EH26052627441,refund,77000,INR,pay_EH26052400324,1779804780,,rcpt_52400324,processed,normal,normal,UTR26052600027441,,
rfnd_EH26053027452,refund,47000,INR,pay_EH26051800335,1780152780,,rcpt_51800335,processed,normal,normal,UTR26053000027452,,
rfnd_EH26053127453,refund,63000,INR,pay_EH26052600336,1780238880,,rcpt_52600336,processed,normal,normal,UTR26053100027453,,
rfnd_EH26051427456,refund,210762,INR,pay_EH26051000339,1778770740,,rcpt_51000339,processed,normal,normal,UTR26051400027456,,
rfnd_EH26051527476,refund,60000,INR,pay_EH26050700359,1778854320,,rcpt_50700359,processed,normal,normal,UTR26051500027476,,
rfnd_EH26051827485,refund,88000,INR,pay_EH26051400368,1779114240,,rcpt_51400368,processed,normal,normal,UTR26051800027485,,
rfnd_EH26052827527,refund,1850995,INR,pay_EH26052700410,1779979500,,rcpt_52700410,processed,normal,normal,UTR26052800027527,,
rfnd_EH26052127539,refund,76000,INR,pay_EH26051000422,1779375000,,rcpt_51000422,processed,normal,normal,UTR26052100027539,,
rfnd_EH26051727563,refund,173917,INR,pay_EH26051500446,1779028920,,rcpt_51500446,processed,normal,normal,UTR26051700027563,,
rfnd_EH26060327590,refund,37000,INR,pay_EH26052700473,1780496820,,rcpt_52700473,processed,normal,normal,UTR26060300027590,,
rfnd_EH26051327593,refund,205351,INR,pay_EH26050600476,1778682600,,rcpt_50600476,processed,normal,normal,UTR26051300027593,,
rfnd_EH26052227600,refund,73000,INR,pay_EH26052000483,1779458700,,rcpt_52000483,processed,normal,normal,UTR26052200027600,,
rfnd_EH26052827617,refund,148409,INR,pay_EH26052600500,1779977520,,rcpt_52600500,processed,normal,normal,UTR26052800027617,,
rfnd_EH26051527620,refund,36000,INR,pay_EH26050600503,1778855880,,rcpt_50600503,processed,normal,normal,UTR26051500027620,,
rfnd_EH26052327636,refund,185254,INR,pay_EH26051500519,1779545580,,rcpt_51500519,processed,normal,normal,UTR26052300027636,,
rfnd_EH26051827644,refund,64929,INR,pay_EH26051000527,1779114720,,rcpt_51000527,processed,normal,normal,UTR26051800027644,,
rfnd_EH26051927674,refund,108988,INR,pay_EH26050900557,1779200700,,rcpt_50900557,processed,normal,normal,UTR26051900027674,,
rfnd_EH26053027713,refund,38000,INR,pay_EH26052700596,1780151040,,rcpt_52700596,processed,normal,normal,UTR26053000027713,,
rfnd_EH26052827717,refund,233000,INR,pay_EH26052300600,1779979680,,rcpt_52300600,processed,normal,normal,UTR26052800027717,,
rfnd_EH26052327723,refund,265127,INR,pay_EH26051500606,1779547560,,rcpt_51500606,processed,normal,normal,UTR26052300027723,,
rfnd_EH26051827766,refund,41000,INR,pay_EH26050900649,1779114120,,rcpt_50900649,processed,normal,normal,UTR26051800027766,,
rfnd_EH26051427772,refund,45863,INR,pay_EH26051300655,1778768580,,rcpt_51300655,processed,normal,normal,UTR26051400027772,,
rfnd_EH26051027798,refund,52000,INR,pay_EH26050800681,1778424660,,rcpt_50800681,processed,normal,normal,UTR26051000027798,,
rfnd_EH26053027807,refund,62353,INR,pay_EH26052100690,1780152840,,rcpt_52100690,processed,normal,normal,UTR26053000027807,,
rfnd_EH26052227808,refund,72000,INR,pay_EH26051300691,1779459240,,rcpt_51300691,processed,normal,normal,UTR26052200027808,,
rfnd_EH26060427838,refund,31949,INR,pay_EH26052700721,1780584360,,rcpt_52700721,processed,normal,normal,UTR26060400027838,,
rfnd_EH26052427848,refund,76000,INR,pay_EH26052000731,1779633780,,rcpt_52000731,processed,normal,normal,UTR26052400027848,,
rfnd_EH26052427850,refund,134754,INR,pay_EH26051800733,1779634560,,rcpt_51800733,processed,normal,normal,UTR26052400027850,,
rfnd_EH26051827877,refund,63000,INR,pay_EH26050600760,1779115020,,rcpt_50600760,processed,normal,normal,UTR26051800027877,,
rfnd_EH26051927880,refund,105000,INR,pay_EH26051200763,1779201780,,rcpt_51200763,processed,normal,normal,UTR26051900027880,,
rfnd_EH26051827893,refund,158000,INR,pay_EH26050700776,1779113160,,rcpt_50700776,processed,normal,normal,UTR26051800027893,,
rfnd_EH26052127922,refund,31000,INR,pay_EH26051100805,1779373500,,rcpt_51100805,processed,normal,normal,UTR26052100027922,,
rfnd_EH26052727925,refund,104350,INR,pay_EH26052000808,1779893520,,rcpt_52000808,processed,normal,normal,UTR26052700027925,,
rfnd_EH26060727943,refund,43000,INR,pay_EH26052600826,1780844340,,rcpt_52600826,processed,normal,normal,UTR26060700027943,,
rfnd_EH26052427975,refund,31000,INR,pay_EH26052000858,1779631560,,rcpt_52000858,processed,normal,normal,UTR26052400027975,,
rfnd_EH26051827977,refund,69000,INR,pay_EH26051700860,1779114780,,rcpt_51700860,processed,normal,normal,UTR26051800027977,,
rfnd_EH26052228001,refund,209473,INR,pay_EH26051400884,1779459420,,rcpt_51400884,processed,normal,normal,UTR26052200028001,,
rfnd_EH26053128008,refund,63641,INR,pay_EH26052400891,1780237260,,rcpt_52400891,processed,normal,normal,UTR26053100028008,,
rfnd_EH26060128021,refund,60000,INR,pay_EH26052700904,1780325880,,rcpt_52700904,processed,normal,normal,UTR26060100028021,,
rfnd_EH26052328032,refund,147000,INR,pay_EH26051300915,1779547200,,rcpt_51300915,processed,normal,normal,UTR26052300028032,,
rfnd_EH26051728035,refund,65444,INR,pay_EH26051300918,1779026580,,rcpt_51300918,processed,normal,normal,UTR26051700028035,,
rfnd_EH26051328037,refund,28000,INR,pay_EH26050500920,1778682240,,rcpt_50500920,processed,normal,normal,UTR26051300028037,,
rfnd_EH26050928044,refund,33000,INR,pay_EH26050800927,1778336160,,rcpt_50800927,processed,normal,normal,UTR26050900028044,,
rfnd_EH26050828055,refund,76000,INR,pay_EH26050700938,1778251320,,rcpt_50700938,processed,normal,normal,UTR26050800028055,,
rfnd_EH26051628066,refund,60000,INR,pay_EH26050800949,1778942760,,rcpt_50800949,processed,normal,normal,UTR26051600028066,,
rfnd_EH26052828067,refund,192000,INR,pay_EH26051900950,1779980100,,rcpt_51900950,processed,normal,normal,UTR26052800028067,,
rfnd_EH26052228070,refund,121000,INR,pay_EH26051500953,1779459960,,rcpt_51500953,processed,normal,normal,UTR26052200028070,,
rfnd_EH26060728103,refund,328253,INR,pay_EH26052600986,1780843620,,rcpt_52600986,processed,normal,normal,UTR26060700028103,,
rfnd_EH26060328118,refund,25000,INR,pay_EH26052701001,1780495800,,rcpt_52701001,processed,normal,normal,UTR26060300028118,,
rfnd_EH26050928133,refund,45863,INR,pay_EH26050601016,1778335320,,rcpt_50601016,processed,normal,normal,UTR26050900028133,,
rfnd_EH26051028158,refund,25000,INR,pay_EH26050501041,1778424180,,rcpt_50501041,processed,normal,normal,UTR26051000028158,,
rfnd_EH26051128161,refund,43000,INR,pay_EH26050701044,1778508300,,rcpt_50701044,processed,normal,normal,UTR26051100028161,,
rfnd_EH26051628162,refund,188346,INR,pay_EH26051001045,1778940840,,rcpt_51001045,processed,normal,normal,UTR26051600028162,,
rfnd_EH26051328163,refund,47000,INR,pay_EH26051101046,1778683020,,rcpt_51101046,processed,normal,normal,UTR26051300028163,,
rfnd_EH26052028171,refund,38000,INR,pay_EH26051201054,1779289140,,rcpt_51201054,processed,normal,normal,UTR26052000028171,,
rfnd_EH26053128202,refund,33000,INR,pay_EH26052601085,1780237440,,rcpt_52601085,processed,normal,normal,UTR26053100028202,,
rfnd_EH26051728210,refund,64000,INR,pay_EH26051401093,1779026940,,rcpt_51401093,processed,normal,normal,UTR26051700028210,,
rfnd_EH26053128237,refund,37000,INR,pay_EH26052201120,1780236240,,rcpt_52201120,processed,normal,normal,UTR26053100028237,,
rfnd_EH26051728238,refund,111000,INR,pay_EH26050801121,1779028200,,rcpt_50801121,processed,normal,normal,UTR26051700028238,,
rfnd_EH26052128266,refund,236012,INR,pay_EH26051401149,1779375480,,rcpt_51401149,processed,normal,normal,UTR26052100028266,,
rfnd_EH26052028272,refund,42000,INR,pay_EH26051201155,1779289020,,rcpt_51201155,processed,normal,normal,UTR26052000028272,,
rfnd_EH26050628285,refund,48000,INR,pay_EH26050501168,1778078280,,rcpt_50501168,processed,normal,normal,UTR26050600028285,,
rfnd_EH26052728294,refund,346546,INR,pay_EH26052601177,1779891840,,rcpt_52601177,processed,normal,normal,UTR26052700028294,,
rfnd_EH26060128296,refund,40000,INR,pay_EH26052701179,1780324320,,rcpt_52701179,processed,normal,normal,UTR26060100028296,,
rfnd_EH26071128375,refund,461000,INR,pay_EH26063000010,1783781100,,rcpt_63000010,processed,normal,normal,UTR26071100028375,,
rfnd_EH26071128384,refund,201000,INR,pay_EH26063000019,1783779540,,rcpt_63000019,processed,normal,normal,UTR26071100028384,,
rfnd_EH26070228406,refund,556000,INR,pay_EH26062100041,1783001700,,rcpt_62100041,processed,normal,normal,UTR26070200028406,,
rfnd_EH26061928422,refund,410000,INR,pay_EH26061400057,1781879400,,rcpt_61400057,processed,normal,normal,UTR26061900028422,,
rfnd_EH26070128507,refund,351000,INR,pay_EH26061900142,1782914760,,rcpt_61900142,processed,normal,normal,UTR26070100028507,,
rfnd_EH26062328512,refund,331000,INR,pay_EH26062100147,1782223680,,rcpt_62100147,processed,normal,normal,UTR26062300028512,,
rfnd_EH26062128517,refund,548000,INR,pay_EH26061900152,1782051600,,rcpt_61900152,processed,normal,normal,UTR26062100028517,,
rfnd_EH26070228553,refund,123000,INR,pay_EH26063000188,1783002300,,rcpt_63000188,processed,normal,normal,UTR26070200028553,,
rfnd_EH26061828564,refund,257000,INR,pay_EH26061500199,1781791440,,rcpt_61500199,processed,normal,normal,UTR26061800028564,,
rfnd_EH26062128572,refund,46000,INR,pay_EH26062000207,1782053880,,rcpt_62000207,processed,normal,normal,UTR26062100028572,,
rfnd_EH26070628575,refund,608000,INR,pay_EH26062400210,1783348020,,rcpt_62400210,processed,normal,normal,UTR26070600028575,,
rfnd_EH26061528634,refund,447000,INR,pay_EH26060300270,1781535000,,rcpt_60300270,processed,normal,normal,UTR26061500028634,,
rfnd_EH26061428639,refund,151000,INR,pay_EH26060200275,1781446740,,rcpt_60200275,processed,normal,normal,UTR26061400028639,,
rfnd_EH26062828647,refund,234000,INR,pay_EH26062300283,1782656100,,rcpt_62300283,processed,normal,normal,UTR26062800028647,,
rfnd_EH26062228655,refund,812000,INR,pay_EH26061700291,1782140340,,rcpt_61700291,processed,normal,normal,UTR26062200028655,,
rfnd_EH26062228658,refund,329000,INR,pay_EH26061900294,1782136800,,rcpt_61900294,processed,normal,normal,UTR26062200028658,,
rfnd_EH26062228666,refund,166000,INR,pay_EH26062000302,1782140040,,rcpt_62000302,processed,normal,normal,UTR26062200028666,,
rfnd_EH26062128734,refund,713000,INR,pay_EH26061700371,1782051600,,rcpt_61700371,processed,normal,normal,UTR26062100028734,,
rfnd_EH26070428736,refund,617000,INR,pay_EH26062600373,1783175700,,rcpt_62600373,processed,normal,normal,UTR26070400028736,,
rfnd_EH26060228798,refund,399000,INR,pay_EH26060100436,1780411800,,rcpt_60100436,processed,normal,normal,UTR26060200028798,,
rfnd_EH26070428800,refund,174000,INR,pay_EH26062400438,1783176600,,rcpt_62400438,processed,normal,normal,UTR26070400028800,,
rfnd_EH26061228820,refund,477000,INR,pay_EH26060600458,1781273580,,rcpt_60600458,processed,normal,normal,UTR26061200028820,,
rfnd_EH26061228825,refund,547000,INR,pay_EH26061000463,1781275860,,rcpt_61000463,processed,normal,normal,UTR26061200028825,,
rfnd_EH26063028836,refund,635000,INR,pay_EH26062100474,1782828900,,rcpt_62100474,processed,normal,normal,UTR26063000028836,,
rfnd_EH26060528849,refund,4955000,INR,pay_EH26060300487,1780670820,,rcpt_60300487,processed,normal,normal,UTR26060500028849,,
rfnd_EH26062028861,refund,1295000,INR,pay_EH26061600499,1781965500,,rcpt_61600499,processed,normal,normal,UTR26062000028861,,
rfnd_EH26062128896,refund,1058000,INR,pay_EH26061200534,1782051240,,rcpt_61200534,processed,normal,normal,UTR26062100028896,,
rfnd_EH26060228926,refund,603000,INR,pay_EH26060100564,1780409640,,rcpt_60100564,processed,normal,normal,UTR26060200028926,,
rfnd_EH26061228941,refund,141000,INR,pay_EH26061000580,1781275560,,rcpt_61000580,processed,normal,normal,UTR26061200028941,,
rfnd_EH26062328948,refund,710000,INR,pay_EH26061100587,1782226500,,rcpt_61100587,processed,normal,normal,UTR26062300028948,,
rfnd_EH26061128989,refund,241000,INR,pay_EH26060500628,1781187900,,rcpt_60500628,processed,normal,normal,UTR26061100028989,,
rfnd_EH26062629002,refund,395000,INR,pay_EH26061400641,1782483120,,rcpt_61400641,processed,normal,normal,UTR26062600029002,,
rfnd_EH26062529036,refund,339000,INR,pay_EH26062100675,1782396900,,rcpt_62100675,processed,normal,normal,UTR26062500029036,,
rfnd_EH26061929066,refund,126000,INR,pay_EH26061300706,1781880120,,rcpt_61300706,processed,normal,normal,UTR26061900029066,,
rfnd_EH26061229090,refund,178000,INR,pay_EH26060200730,1781272980,,rcpt_60200730,processed,normal,normal,UTR26061200029090,,
rfnd_EH26062229093,refund,114000,INR,pay_EH26061600733,1782137760,,rcpt_61600733,processed,normal,normal,UTR26062200029093,,
rfnd_EH26061929113,refund,243000,INR,pay_EH26060800753,1781878800,,rcpt_60800753,processed,normal,normal,UTR26061900029113,,
rfnd_EH26060929124,refund,86000,INR,pay_EH26060800764,1781015400,,rcpt_60800764,processed,normal,normal,UTR26060900029124,,
rfnd_EH26070729126,refund,234000,INR,pay_EH26062600766,1783435140,,rcpt_62600766,processed,normal,normal,UTR26070700029126,,
rfnd_EH26061529132,refund,956000,INR,pay_EH26060900773,1781535120,,rcpt_60900773,processed,normal,normal,UTR26061500029132,,
rfnd_EH26062529133,refund,62000,INR,pay_EH26062400774,1782396900,,rcpt_62400774,processed,normal,normal,UTR26062500029133,,
rfnd_EH26063029135,refund,806000,INR,pay_EH26062300776,1782831420,,rcpt_62300776,processed,normal,normal,UTR26063000029135,,
rfnd_EH26070129154,refund,213000,INR,pay_EH26062600795,1782916800,,rcpt_62600795,processed,normal,normal,UTR26070100029154,,
rfnd_EH26070129161,refund,33000,INR,pay_EH26062300802,1782914460,,rcpt_62300802,processed,normal,normal,UTR26070100029161,,
rfnd_EH26070429170,refund,191000,INR,pay_EH26062200812,1783175460,,rcpt_62200812,processed,normal,normal,UTR26070400029170,,
rfnd_EH26070729213,refund,272000,INR,pay_EH26062900855,1783435740,,rcpt_62900855,processed,normal,normal,UTR26070700029213,,
rfnd_EH26070429221,refund,222000,INR,pay_EH26062200864,1783176180,,rcpt_62200864,processed,normal,normal,UTR26070400029221,,
rfnd_EH26071229237,refund,129000,INR,pay_EH26063000880,1783867080,,rcpt_63000880,processed,normal,normal,UTR26071200029237,,
rfnd_EH26060829262,refund,196000,INR,pay_EH26060600906,1780927980,,rcpt_60600906,processed,normal,normal,UTR26060800029262,,
rfnd_EH26060429295,refund,600000,INR,pay_EH26060300939,1780582920,,rcpt_60300939,processed,normal,normal,UTR26060400029295,,
rfnd_EH26062929297,refund,453000,INR,pay_EH26061700941,1782741840,,rcpt_61700941,processed,normal,normal,UTR26062900029297,,
rfnd_EH26070129325,refund,352000,INR,pay_EH26062700969,1782917580,,rcpt_62700969,processed,normal,normal,UTR26070100029325,,
rfnd_EH26070729327,refund,511000,INR,pay_EH26062900971,1783433400,,rcpt_62900971,processed,normal,normal,UTR26070700029327,,
rfnd_EH26061129329,refund,97000,INR,pay_EH26060900973,1781188800,,rcpt_60900973,processed,normal,normal,UTR26061100029329,,
rfnd_EH26061129337,refund,115000,INR,pay_EH26060800981,1781189460,,rcpt_60800981,processed,normal,normal,UTR26061100029337,,
rfnd_EH26062929346,refund,1997000,INR,pay_EH26062300990,1782743940,,rcpt_62300990,processed,normal,normal,UTR26062900029346,,
rfnd_EH26061529352,refund,568000,INR,pay_EH26060400996,1781532000,,rcpt_60400996,processed,normal,normal,UTR26061500029352,,
rfnd_EH26062529408,refund,1052000,INR,pay_EH26061301053,1782399060,,rcpt_61301053,processed,normal,normal,UTR26062500029408,,
rfnd_EH26062629419,refund,236000,INR,pay_EH26062401064,1782482400,,rcpt_62401064,processed,normal,normal,UTR26062600029419,,
rfnd_EH26061729429,refund,84000,INR,pay_EH26060701074,1781706120,,rcpt_60701074,processed,normal,normal,UTR26061700029429,,
rfnd_EH26062529481,refund,155000,INR,pay_EH26061401126,1782397920,,rcpt_61401126,processed,normal,normal,UTR26062500029481,,
rfnd_EH26071229508,refund,395000,INR,pay_EH26070700023,1783866300,,rcpt_70700023,processed,normal,normal,UTR26071200029508,,
rfnd_EH26072029511,refund,278000,INR,pay_EH26071100026,1784559000,,rcpt_71100026,processed,normal,normal,UTR26072000029511,,
rfnd_EH26080529531,refund,175000,INR,pay_EH26073000046,1785939780,,rcpt_73000046,processed,normal,normal,UTR26080500029531,,
rfnd_EH26072229543,refund,208000,INR,pay_EH26071000058,1784732100,,rcpt_71000058,processed,normal,normal,UTR26072200029543,,
rfnd_EH26071629555,refund,60000,INR,pay_EH26070400070,1784213280,,rcpt_70400070,processed,normal,normal,UTR26071600029555,,
rfnd_EH26080429560,refund,190000,INR,pay_EH26073100076,1785854640,,rcpt_73100076,processed,normal,normal,UTR26080400029560,,
rfnd_EH26071629568,refund,217000,INR,pay_EH26071100084,1784210700,,rcpt_71100084,processed,normal,normal,UTR26071600029568,,
rfnd_EH26072029569,refund,942000,INR,pay_EH26071200085,1784556780,,rcpt_71200085,processed,normal,normal,UTR26072000029569,,
rfnd_EH26072729572,refund,189000,INR,pay_EH26071700088,1785162780,,rcpt_71700088,processed,normal,normal,UTR26072700029572,,
rfnd_EH26080729608,refund,291000,INR,pay_EH26073100124,1786111260,,rcpt_73100124,processed,normal,normal,UTR26080700029608,,
rfnd_EH26071529637,refund,155000,INR,pay_EH26070300154,1784125200,,rcpt_70300154,processed,normal,normal,UTR26071500029637,,
rfnd_EH26080429694,refund,744000,INR,pay_EH26072400211,1785854100,,rcpt_72400211,processed,normal,normal,UTR26080400029694,,
rfnd_EH26072229699,refund,150000,INR,pay_EH26071900216,1784729160,,rcpt_71900216,processed,normal,normal,UTR26072200029699,,
rfnd_EH26071229705,refund,646000,INR,pay_EH26070600222,1783867740,,rcpt_70600222,processed,normal,normal,UTR26071200029705,,
rfnd_EH26072229708,refund,484000,INR,pay_EH26071500225,1784731860,,rcpt_71500225,processed,normal,normal,UTR26072200029708,,
rfnd_EH26080529775,refund,341000,INR,pay_EH26072800292,1785941160,,rcpt_72800292,processed,normal,normal,UTR26080500029775,,
rfnd_EH26070929782,refund,793000,INR,pay_EH26070100299,1783607100,,rcpt_70100299,processed,normal,normal,UTR26070900029782,,
rfnd_EH26071029792,refund,372000,INR,pay_EH26070900309,1783694940,,rcpt_70900309,processed,normal,normal,UTR26071000029792,,
rfnd_EH26072529796,refund,54000,INR,pay_EH26072000313,1784988720,,rcpt_72000313,processed,normal,normal,UTR26072500029796,,
rfnd_EH26072429829,refund,1733000,INR,pay_EH26071600346,1784903580,,rcpt_71600346,processed,normal,normal,UTR26072400029829,,
rfnd_EH26071629830,refund,129000,INR,pay_EH26070500347,1784212200,,rcpt_70500347,processed,normal,normal,UTR26071600029830,,
rfnd_EH26072429839,refund,464000,INR,pay_EH26071900356,1784905140,,rcpt_71900356,processed,normal,normal,UTR26072400029839,,
rfnd_EH26073029861,refund,893000,INR,pay_EH26072500378,1785421920,,rcpt_72500378,processed,normal,normal,UTR26073000029861,,
rfnd_EH26070529880,refund,729000,INR,pay_EH26070400398,1783261200,,rcpt_70400398,processed,normal,normal,UTR26070500029880,,
rfnd_EH26072229906,refund,229000,INR,pay_EH26071500424,1784728860,,rcpt_71500424,processed,normal,normal,UTR26072200029906,,
rfnd_EH26071529910,refund,166000,INR,pay_EH26070700428,1784125260,,rcpt_70700428,processed,normal,normal,UTR26071500029910,,
rfnd_EH26072729918,refund,279000,INR,pay_EH26071900436,1785162240,,rcpt_71900436,processed,normal,normal,UTR26072700029918,,
rfnd_EH26080229922,refund,173000,INR,pay_EH26073100440,1785682680,,rcpt_73100440,processed,normal,normal,UTR26080200029922,,
rfnd_EH26073129931,refund,63000,INR,pay_EH26072600449,1785509460,,rcpt_72600449,processed,normal,normal,UTR26073100029931,,
rfnd_EH26080429932,refund,338000,INR,pay_EH26072300450,1785855000,,rcpt_72300450,processed,normal,normal,UTR26080400029932,,
rfnd_EH26071029962,refund,137000,INR,pay_EH26070600482,1783694760,,rcpt_70600482,processed,normal,normal,UTR26071000029962,,
rfnd_EH26071729965,refund,367000,INR,pay_EH26070600485,1784298060,,rcpt_70600485,processed,normal,normal,UTR26071700029965,,
rfnd_EH26071729976,refund,78000,INR,pay_EH26070900496,1784298660,,rcpt_70900496,processed,normal,normal,UTR26071700029976,,
rfnd_EH26071929978,refund,398000,INR,pay_EH26071700498,1784471040,,rcpt_71700498,processed,normal,normal,UTR26071900029978,,
rfnd_EH26071429992,refund,84000,INR,pay_EH26070500512,1784040360,,rcpt_70500512,processed,normal,normal,UTR26071400029992,,
rfnd_EH26072929996,refund,441000,INR,pay_EH26072200516,1785335700,,rcpt_72200516,processed,normal,normal,UTR26072900029996,,
rfnd_EH26080130006,refund,365000,INR,pay_EH26072800526,1785594060,,rcpt_72800526,processed,normal,normal,UTR26080100030006,,
rfnd_EH26072430032,refund,306000,INR,pay_EH26071800553,1784903640,,rcpt_71800553,processed,normal,normal,UTR26072400030032,,
rfnd_EH26071430049,refund,43000,INR,pay_EH26071000570,1784040480,,rcpt_71000570,processed,normal,normal,UTR26071400030049,,
rfnd_EH26071630052,refund,89000,INR,pay_EH26071300574,1784212080,,rcpt_71300574,processed,normal,normal,UTR26071600030052,,
rfnd_EH26072830062,refund,548000,INR,pay_EH26072500584,1785247680,,rcpt_72500584,processed,normal,normal,UTR26072800030062,,
rfnd_EH26072230064,refund,84000,INR,pay_EH26071000586,1784730960,,rcpt_71000586,processed,normal,normal,UTR26072200030064,,
rfnd_EH26072730069,refund,1118000,INR,pay_EH26071500591,1785163320,,rcpt_71500591,processed,normal,normal,UTR26072700030069,,
rfnd_EH26080830100,refund,873000,INR,pay_EH26073100622,1786198080,,rcpt_73100622,processed,normal,normal,UTR26080800030100,,
rfnd_EH26072130102,refund,174000,INR,pay_EH26071300624,1784644560,,rcpt_71300624,processed,normal,normal,UTR26072100030102,,
rfnd_EH26072330109,refund,181000,INR,pay_EH26071100631,1784815200,,rcpt_71100631,pending,normal,normal,UTR26072300030109,,
rfnd_EH26072230128,refund,1094000,INR,pay_EH26071800650,1784730480,,rcpt_71800650,processed,normal,normal,UTR26072200030128,,
rfnd_EH26071730147,refund,434000,INR,pay_EH26071400669,1784298720,,rcpt_71400669,processed,normal,normal,UTR26071700030147,,
rfnd_EH26080130182,refund,290000,INR,pay_EH26072900705,1785595980,,rcpt_72900705,processed,normal,normal,UTR26080100030182,,
rfnd_EH26080530190,refund,256000,INR,pay_EH26072900713,1785938520,,rcpt_72900713,processed,normal,normal,UTR26080500030190,,
rfnd_EH26071130210,refund,441000,INR,pay_EH26070200733,1783779720,,rcpt_70200733,processed,normal,normal,UTR26071100030210,,
rfnd_EH26080230221,refund,99000,INR,pay_EH26072300744,1785682320,,rcpt_72300744,processed,normal,normal,UTR26080200030221,,
rfnd_EH26070430227,refund,891000,INR,pay_EH26070200750,1783177140,,rcpt_70200750,processed,normal,normal,UTR26070400030227,,
rfnd_EH26072430236,refund,76000,INR,pay_EH26071300759,1784902620,,rcpt_71300759,processed,normal,normal,UTR26072400030236,,
rfnd_EH26071930240,refund,56000,INR,pay_EH26071100763,1784472300,,rcpt_71100763,processed,normal,normal,UTR26071900030240,,
rfnd_EH26070530243,refund,307000,INR,pay_EH26070100766,1783262520,,rcpt_70100766,processed,normal,normal,UTR26070500030243,,
rfnd_EH26072530247,refund,147000,INR,pay_EH26072000770,1784991180,,rcpt_72000770,processed,normal,normal,UTR26072500030247,,
rfnd_EH26070330264,refund,360000,INR,pay_EH26070200787,1783089600,,rcpt_70200787,processed,normal,normal,UTR26070300030264,,
rfnd_EH26071930284,refund,187000,INR,pay_EH26071300808,1784473140,,rcpt_71300808,processed,normal,normal,UTR26071900030284,,
rfnd_EH26070830298,refund,594000,INR,pay_EH26070400822,1783521060,,rcpt_70400822,processed,normal,normal,UTR26070800030298,,
rfnd_EH26070730301,refund,55000,INR,pay_EH26070500825,1783435140,,rcpt_70500825,processed,normal,normal,UTR26070700030301,,
rfnd_EH26070830309,refund,183000,INR,pay_EH26070600833,1783520580,,rcpt_70600833,processed,normal,normal,UTR26070800030309,,
rfnd_EH26071730320,refund,507000,INR,pay_EH26071400844,1784297100,,rcpt_71400844,processed,normal,normal,UTR26071700030320,,
rfnd_EH26071830324,refund,133000,INR,pay_EH26070600848,1784383620,,rcpt_70600848,processed,normal,normal,UTR26071800030324,,
rfnd_EH26072530327,refund,55000,INR,pay_EH26072000851,1784989140,,rcpt_72000851,processed,normal,normal,UTR26072500030327,,
rfnd_EH26070930347,refund,110000,INR,pay_EH26070700871,1783607160,,rcpt_70700871,processed,normal,normal,UTR26070900030347,,
rfnd_EH26080130357,refund,291000,INR,pay_EH26072300881,1785594540,,rcpt_72300881,processed,normal,normal,UTR26080100030357,,
rfnd_EH26070630372,refund,1019000,INR,pay_EH26070500896,1783347960,,rcpt_70500896,processed,normal,normal,UTR26070600030372,,
rfnd_EH26072530380,refund,275000,INR,pay_EH26071600904,1784989860,,rcpt_71600904,processed,normal,normal,UTR26072500030380,,
rfnd_EH26080330400,refund,3655000,INR,pay_EH26072700924,1785766680,,rcpt_72700924,processed,normal,normal,UTR26080300030400,,
rfnd_EH26080230402,refund,120000,INR,pay_EH26073100926,1785680280,,rcpt_73100926,processed,normal,normal,UTR26080200030402,,
rfnd_EH26073130407,refund,203000,INR,pay_EH26072000931,1785509220,,rcpt_72000931,processed,normal,normal,UTR26073100030407,,
rfnd_EH26080130411,refund,1326000,INR,pay_EH26073000935,1785596160,,rcpt_73000935,processed,normal,normal,UTR26080100030411,,
rfnd_EH26080330436,refund,234000,INR,pay_EH26072900961,1785768300,,rcpt_72900961,processed,normal,normal,UTR26080300030436,,
rfnd_EH26071930460,refund,142000,INR,pay_EH26070700985,1784470860,,rcpt_70700985,processed,normal,normal,UTR26071900030460,,
rfnd_EH26073030482,refund,1085000,INR,pay_EH26072101007,1785421140,,rcpt_72101007,processed,normal,normal,UTR26073000030482,,
rfnd_EH26071630484,refund,578000,INR,pay_EH26070601009,1784211900,,rcpt_70601009,processed,normal,normal,UTR26071600030484,,
rfnd_EH26072430489,refund,145000,INR,pay_EH26072001015,1784903760,,rcpt_72001015,processed,normal,normal,UTR26072400030489,,
rfnd_EH26070330506,refund,136000,INR,pay_EH26070201032,1783087560,,rcpt_70201032,processed,normal,normal,UTR26070300030506,,
rfnd_EH26071730512,refund,298000,INR,pay_EH26070701038,1784296800,,rcpt_70701038,processed,normal,normal,UTR26071700030512,,
rfnd_EH26071530515,refund,477000,INR,pay_EH26070301041,1784124000,,rcpt_70301041,processed,normal,normal,UTR26071500030515,,
rfnd_EH26072930528,refund,134000,INR,pay_EH26071901054,1785335580,,rcpt_71901054,processed,normal,normal,UTR26072900030528,,
rfnd_EH26072230532,refund,243000,INR,pay_EH26071501058,1784729100,,rcpt_71501058,processed,normal,normal,UTR26072200030532,,
rfnd_EH26071230560,refund,87000,INR,pay_EH26070901086,1783866960,,rcpt_70901086,processed,normal,normal,UTR26071200030560,,
rfnd_EH26071330565,refund,359000,INR,pay_EH26070701091,1783951560,,rcpt_70701091,processed,normal,normal,UTR26071300030565,,
rfnd_EH26072130605,refund,258000,INR,pay_EH26071901131,1784644800,,rcpt_71901131,processed,normal,normal,UTR26072100030605,,
rfnd_EH26072730608,refund,272000,INR,pay_EH26072201134,1785163440,,rcpt_72201134,processed,normal,normal,UTR26072700030608,,
rfnd_EH26071830609,refund,502000,INR,pay_EH26071601135,1784384280,,rcpt_71601135,processed,normal,normal,UTR26071800030609,,
rfnd_EH26081330677,refund,190000,INR,pay_EH26080600042,1786630140,,rcpt_80600042,processed,normal,normal,UTR26081300030677,,
rfnd_EH26081630682,refund,544000,INR,pay_EH26081400047,1786891620,,rcpt_81400047,processed,normal,normal,UTR26081600030682,,
rfnd_EH26082630687,refund,218000,INR,pay_EH26082000052,1787756100,,rcpt_82000052,processed,normal,normal,UTR26082600030687,,
rfnd_EH26081430689,refund,335000,INR,pay_EH26080400054,1786716240,,rcpt_80400054,processed,normal,normal,UTR26081400030689,,
rfnd_EH26090530691,refund,145000,INR,pay_EH26082900056,1788618300,,rcpt_82900056,processed,normal,normal,UTR26090500030691,,
rfnd_EH26080930697,refund,273000,INR,pay_EH26080400062,1786285140,,rcpt_80400062,processed,normal,normal,UTR26080900030697,,
rfnd_EH26081130725,refund,187000,INR,pay_EH26080900091,1786456800,,rcpt_80900091,processed,normal,normal,UTR26081100030725,,
rfnd_EH26082530733,refund,503000,INR,pay_EH26081600099,1787669220,,rcpt_81600099,processed,normal,normal,UTR26082500030733,,
rfnd_EH26081430734,refund,38000,INR,pay_EH26080400100,1786716600,,rcpt_80400100,processed,normal,normal,UTR26081400030734,,
rfnd_EH26080930746,refund,296000,INR,pay_EH26080300112,1786287480,,rcpt_80300112,processed,normal,normal,UTR26080900030746,,
rfnd_EH26081830773,refund,354000,INR,pay_EH26081100139,1787063400,,rcpt_81100139,processed,normal,normal,UTR26081800030773,,
rfnd_EH26081430793,refund,947000,INR,pay_EH26080700159,1786719120,,rcpt_80700159,processed,normal,normal,UTR26081400030793,,
rfnd_EH26090130803,refund,910000,INR,pay_EH26082100169,1788273960,,rcpt_82100169,processed,normal,normal,UTR26090100030803,,
rfnd_EH26080830809,refund,127000,INR,pay_EH26080200175,1786198020,,rcpt_80200175,processed,normal,normal,UTR26080800030809,,
rfnd_EH26082530814,refund,407000,INR,pay_EH26081300180,1787667840,,rcpt_81300180,processed,normal,normal,UTR26082500030814,,
rfnd_EH26080930817,refund,256000,INR,pay_EH26080700183,1786284900,,rcpt_80700183,processed,normal,normal,UTR26080900030817,,
rfnd_EH26082730855,refund,158000,INR,pay_EH26081700221,1787841720,,rcpt_81700221,processed,normal,normal,UTR26082700030855,,
rfnd_EH26082830856,refund,616000,INR,pay_EH26082700222,1787927220,,rcpt_82700222,processed,normal,normal,UTR26082800030856,,
rfnd_EH26082130862,refund,102000,INR,pay_EH26082000228,1787321520,,rcpt_82000228,processed,normal,normal,UTR26082100030862,,
rfnd_EH26082030866,refund,2128000,INR,pay_EH26081500232,1787237760,,rcpt_81500232,processed,normal,normal,UTR26082000030866,,
rfnd_EH26082730877,refund,393000,INR,pay_EH26081800243,1787842740,,rcpt_81800243,processed,normal,normal,UTR26082700030877,,
rfnd_EH26083130881,refund,669000,INR,pay_EH26082600247,1788186000,,rcpt_82600247,processed,normal,normal,UTR26083100030881,,
rfnd_EH26080630896,refund,740000,INR,pay_EH26080400262,1786025880,,rcpt_80400262,processed,normal,normal,UTR26080600030896,,
rfnd_EH26082330910,refund,418000,INR,pay_EH26081300277,1787496060,,rcpt_81300277,processed,normal,normal,UTR26082300030910,,
rfnd_EH26082930912,refund,96000,INR,pay_EH26081800279,1788012660,,rcpt_81800279,processed,normal,normal,UTR26082900030912,,
rfnd_EH26083030920,refund,766000,INR,pay_EH26081900287,1788099300,,rcpt_81900287,processed,normal,normal,UTR26083000030920,,
rfnd_EH26081330927,refund,269000,INR,pay_EH26080800294,1786632420,,rcpt_80800294,processed,normal,normal,UTR26081300030927,,
rfnd_EH26090630930,refund,135000,INR,pay_EH26082600297,1788705300,,rcpt_82600297,processed,normal,normal,UTR26090600030930,,
rfnd_EH26090430962,refund,749000,INR,pay_EH26082700329,1788533760,,rcpt_82700329,processed,normal,normal,UTR26090400030962,,
rfnd_EH26080430965,refund,55000,INR,pay_EH26080100332,1785854700,,rcpt_80100332,processed,normal,normal,UTR26080400030965,,
rfnd_EH26082630988,refund,390000,INR,pay_EH26081700355,1787753580,,rcpt_81700355,processed,normal,normal,UTR26082600030988,,
rfnd_EH26081130990,refund,845000,INR,pay_EH26080900357,1786457100,,rcpt_80900357,processed,normal,normal,UTR26081100030990,,
rfnd_EH26082430995,refund,124000,INR,pay_EH26081600362,1787582460,,rcpt_81600362,processed,normal,normal,UTR26082400030995,,
rfnd_EH26083031003,refund,187000,INR,pay_EH26082300370,1788100560,,rcpt_82300370,processed,normal,normal,UTR26083000031003,,
rfnd_EH26081031078,refund,963000,INR,pay_EH26080700446,1786371540,,rcpt_80700446,processed,normal,normal,UTR26081000031078,,
rfnd_EH26082631105,refund,72000,INR,pay_EH26081400474,1787753880,,rcpt_81400474,processed,normal,normal,UTR26082600031105,,
rfnd_EH26083031128,refund,72000,INR,pay_EH26082700497,1788100440,,rcpt_82700497,processed,normal,normal,UTR26083000031128,,
rfnd_EH26082931141,refund,70000,INR,pay_EH26081800511,1788013680,,rcpt_81800511,processed,normal,normal,UTR26082900031141,,
rfnd_EH26081931164,refund,342000,INR,pay_EH26080700535,1787149260,,rcpt_80700535,processed,normal,normal,UTR26081900031164,,
rfnd_EH26083131168,refund,37000,INR,pay_EH26082100539,1788187380,,rcpt_82100539,processed,normal,normal,UTR26083100031168,,
rfnd_EH26082531170,refund,161000,INR,pay_EH26081800541,1787667780,,rcpt_81800541,processed,normal,normal,UTR26082500031170,,
rfnd_EH26082431174,refund,441000,INR,pay_EH26082000545,1787583480,,rcpt_82000545,processed,normal,normal,UTR26082400031174,,
rfnd_EH26080331178,refund,73000,INR,pay_EH26080200549,1785766320,,rcpt_80200549,processed,normal,normal,UTR26080300031178,,
rfnd_EH26081331221,refund,561000,INR,pay_EH26080700592,1786632900,,rcpt_80700592,processed,normal,normal,UTR26081300031221,,
rfnd_EH26082631243,refund,406000,INR,pay_EH26082200614,1787756040,,rcpt_82200614,processed,normal,normal,UTR26082600031243,,
rfnd_EH26083131248,refund,291000,INR,pay_EH26083000619,1788185220,,rcpt_83000619,processed,normal,normal,UTR26083100031248,,
rfnd_EH26081931264,refund,129000,INR,pay_EH26081500635,1787148060,,rcpt_81500635,processed,normal,normal,UTR26081900031264,,
rfnd_EH26080231308,refund,169000,INR,pay_EH26080100679,1785681420,,rcpt_80100679,processed,normal,normal,UTR26080200031308,,
rfnd_EH26082231321,refund,181000,INR,pay_EH26081400693,1787409960,,rcpt_81400693,processed,normal,normal,UTR26082200031321,,
rfnd_EH26090531323,refund,306000,INR,pay_EH26082400695,1788618540,,rcpt_82400695,processed,normal,normal,UTR26090500031323,,
rfnd_EH26081531325,refund,852000,INR,pay_EH26081200697,1786803000,,rcpt_81200697,processed,normal,normal,UTR26081500031325,,
rfnd_EH26081831341,refund,183000,INR,pay_EH26081500713,1787063160,,rcpt_81500713,processed,normal,normal,UTR26081800031341,,
rfnd_EH26090731344,refund,1410000,INR,pay_EH26083100716,1788792540,,rcpt_83100716,processed,normal,normal,UTR26090700031344,,
rfnd_EH26080231345,refund,35000,INR,pay_EH26080100717,1785679320,,rcpt_80100717,processed,normal,normal,UTR26080200031345,,
rfnd_EH26082431381,refund,493000,INR,pay_EH26082300753,1787582880,,rcpt_82300753,processed,normal,normal,UTR26082400031381,,
rfnd_EH26082531391,refund,107000,INR,pay_EH26082000763,1787669100,,rcpt_82000763,processed,normal,normal,UTR26082500031391,,
rfnd_EH26082131396,refund,980000,INR,pay_EH26081000768,1787321340,,rcpt_81000768,processed,normal,normal,UTR26082100031396,,
rfnd_EH26083031403,refund,633000,INR,pay_EH26082800775,1788100200,,rcpt_82800775,processed,normal,normal,UTR26083000031403,,
rfnd_EH26082831423,refund,216000,INR,pay_EH26081600796,1787928480,,rcpt_81600796,processed,normal,normal,UTR26082800031423,,
rfnd_EH26081331425,refund,396000,INR,pay_EH26080100798,1786629720,,rcpt_80100798,processed,normal,normal,UTR26081300031425,,
rfnd_EH26082331433,refund,408000,INR,pay_EH26082200806,1787494020,,rcpt_82200806,processed,normal,normal,UTR26082300031433,,
rfnd_EH26081331466,refund,392000,INR,pay_EH26080200839,1786629960,,rcpt_80200839,processed,normal,normal,UTR26081300031466,,
rfnd_EH26081831467,refund,1012000,INR,pay_EH26081500840,1787064840,,rcpt_81500840,processed,normal,normal,UTR26081800031467,,
rfnd_EH26080931476,refund,1163000,INR,pay_EH26080400849,1786286880,,rcpt_80400849,processed,normal,normal,UTR26080900031476,,
rfnd_EH26081931498,refund,177000,INR,pay_EH26081800871,1787148720,,rcpt_81800871,processed,normal,normal,UTR26081900031498,,
rfnd_EH26082131501,refund,244000,INR,pay_EH26081300874,1787322900,,rcpt_81300874,processed,normal,normal,UTR26082100031501,,
rfnd_EH26090231537,refund,150000,INR,pay_EH26082400910,1788358020,,rcpt_82400910,processed,normal,normal,UTR26090200031537,,
rfnd_EH26090531548,refund,453000,INR,pay_EH26083100921,1788617580,,rcpt_83100921,processed,normal,normal,UTR26090500031548,,
rfnd_EH26082631549,refund,979000,INR,pay_EH26081800922,1787755680,,rcpt_81800922,processed,normal,normal,UTR26082600031549,,
rfnd_EH26090531615,refund,361000,INR,pay_EH26082500989,1788619560,,rcpt_82500989,processed,normal,normal,UTR26090500031615,,
rfnd_EH26081731643,refund,1284000,INR,pay_EH26081601018,1786978380,,rcpt_81601018,processed,normal,normal,UTR26081700031643,,
rfnd_EH26082931647,refund,105000,INR,pay_EH26081701022,1788014940,,rcpt_81701022,processed,normal,normal,UTR26082900031647,,
rfnd_EH26090531652,refund,637000,INR,pay_EH26082801027,1788618720,,rcpt_82801027,processed,normal,normal,UTR26090500031652,,
rfnd_EH26091031690,refund,954000,INR,pay_EH26082901065,1789049580,,rcpt_82901065,processed,normal,normal,UTR26091000031690,,
rfnd_EH26081031721,refund,152000,INR,pay_EH26080101096,1786373040,,rcpt_80101096,processed,normal,normal,UTR26081000031721,,
rfnd_EH26090431725,refund,183000,INR,pay_EH26082801100,1788532380,,rcpt_82801100,processed,normal,normal,UTR26090400031725,,
rfnd_EH26090731736,refund,222000,INR,pay_EH26082901111,1788790500,,rcpt_82901111,processed,normal,normal,UTR26090700031736,,
rfnd_EH26082531776,refund,88000,INR,pay_EH26081801151,1787669460,,rcpt_81801151,processed,normal,normal,UTR26082500031776,,
rfnd_EH26081331783,refund,343000,INR,pay_EH26080401158,1786631460,,rcpt_80401158,processed,normal,normal,UTR26081300031783,,
rfnd_EH26080731792,refund,1211000,INR,pay_EH26080501167,1786112400,,rcpt_80501167,processed,normal,normal,UTR26080700031792,,
rfnd_EH26081731794,refund,821000,INR,pay_EH26081401169,1786975680,,rcpt_81401169,processed,normal,normal,UTR26081700031794,,
rfnd_EH260522001,refund,420000,INR,pay_EH24010400001,1779462720,,rcpt_10400001,processed,normal,normal,UTR260522DUP001,,
rfnd_EH260523002,refund,420000,INR,pay_EH24010400001,1779548940,,rcpt_10400001_2,processed,normal,normal,UTR260523DUP002,duplicate_refund,rfnd_EH260522001
